NO,FROMNODENO,TONODENO,ID,DXD,FLAG,TJL,FS,TRAFFIC,flag
15296,7670,1944,17224.0,0,0,2,83.7,"B,C,W",1
14403,3932,2763,16020.0,0,0,5,37.95,"B,C,W",1
14360,3003,7498,15985.0,0,0,3,55.5,"B,C,W",1
14359,1696,3002,15984.0,0,0,5,31.8,"B,C,W",1
14358,3003,1696,15983.0,0,0,5,36.0,"B,C,W",1
14321,7275,4298,65.0,0,0,5,36.7,"B,C,W",1
14093,7272,4875,15708.0,0,0,5,42.4,"B,C,W",1
14092,2208,10126,15707.0,0,0,4,54.0,"B,C,W",1
14008,9820,4334,15621.0,0,0,4,46.1,"B,C,W",1
13527,284,286,15149.0,0,1,1,81.8,"B,C,W",0
13526,7039,286,15148.0,0,0,4,46.7,"B,C,W",0
13525,1445,1864,15147.0,0,0,4,48.6,"B,C,W",1
13524,2849,9849,15146.0,0,0,5,43.5,"B,C,W",0
13445,9819,9820,15058.0,0,0,4,46.1,"B,C,W",0
13425,2530,4300,15070.0,0,0,5,44.7,"B,C,W",1
13424,7274,2790,15069.0,0,0,5,41.5,"B,C,W",1
13421,9817,9818,15036.0,0,0,5,35.7,"B,C,W",1
13420,9816,9817,15035.0,0,0,5,35.7,"B,C,W",1
13419,7257,9816,10481.0,0,0,5,38.6,"B,C,W",1
13418,9815,7255,10487.0,0,0,4,54.5,"B,C,W",0
13411,1314,8296,15028.0,0,0,4,52.6,"B,C,W",1
13410,5114,1313,15027.0,0,0,5,42.6,"B,C,W",1
13409,1281,9813,15026.0,0,1,1,82.8,"B,C,W",1
13408,9813,6014,15025.0,0,1,1,82.8,"B,C,W",1
13329,9773,9774,14941.0,0,0,5,35.0,"B,C,W",0
13328,9772,9773,14940.0,0,0,5,35.0,"B,C,W",0
13327,9337,9772,14939.0,0,0,5,35.0,"B,C,W",0
13214,3611,9713,14830.0,0,0,5,40.8,"B,C,W",1
12776,1107,1109,14386.0,0,0,5,32.9,"B,C,W",0
12775,1108,2453,14385.0,0,0,5,41.0,"B,C,W",1
12774,1109,9432,14384.0,0,0,5,30.0,"B,C,W",1
12773,2453,1109,14383.0,0,0,5,31.3,"B,C,W",1
12626,8231,3802,14237.0,0,0,4,50.4,"B,C,W",0
12625,9338,3802,14236.0,0,0,5,35.0,"B,C,W",0
12624,9337,9338,14235.0,0,0,5,35.0,"B,C,W",0
12623,8231,9337,14234.0,0,0,5,35.0,"B,C,W",0
12437,9197,5957,14049.0,0,0,4,45.9,"B,C,W",0
12436,9197,9196,14048.0,0,0,5,35.0,"B,C,W",0
12435,9196,3803,14047.0,0,0,4,51.2,"B,C,W",1
12434,3801,3803,14046.0,0,0,3,64.1,"B,C,W",0
12433,9195,9197,14045.0,0,0,5,42.0,"B,C,W",0
12432,5957,3806,14044.0,0,0,4,47.25,"B,C,W",1
12431,3806,9196,14043.0,0,0,5,39.3,"B,C,W",1
12430,3823,4131,14042.0,0,0,3,62.8,"B,C,W",1
12429,7664,3823,14041.0,0,3,4,50.1,"B,C,W",1
12427,9193,9195,14039.0,0,0,5,42.0,"B,C,W",0
12423,9190,9191,14035.0,0,0,5,37.3,"B,C,W",0
12422,3809,9190,14034.0,0,0,5,39.9,"B,C,W",0
12420,8406,7684,14032.0,0,0,5,41.5,"B,C,W",1
12419,7760,7684,14031.0,0,0,5,44.0,"B,C,W",0
12407,9179,9180,14019.0,0,0,5,41.4,"B,C,W",0
12406,7758,9180,14018.0,0,0,4,47.0,"B,C,W",0
12405,9180,7759,14017.0,0,0,5,44.85,"B,C,W",0
12404,8229,7774,14016.0,0,0,4,47.2,"B,C,W",1
12403,9179,8229,14015.0,0,0,5,38.7,"B,C,W",0
12401,7758,9177,14013.0,0,0,4,47.0,"B,C,W",0
12399,7758,7764,11947.0,0,0,5,32.1,"B,C,W",0
12398,9169,3813,14011.0,0,0,5,37.3,"B,C,W",0
12397,9168,7660,14009.0,0,0,5,37.0,"B,C,W",0
12396,7660,9174,14008.0,0,0,5,43.9,"B,C,W",1
12386,9168,9169,13996.0,0,0,5,35.8,"B,C,W",0
11947,8231,8857,13533.0,0,0,5,44.2,"B,C,W",0
11824,8783,8780,13388.0,0,0,4,45.3,"B,C,W",1
11812,8784,7659,13377.0,0,0,4,46.3,"B,C,W",0
11811,8782,7661,13376.0,0,0,5,43.3,"B,C,W",0
11809,7671,8781,13374.0,0,0,4,45.3,"B,C,W",1
11808,8783,7671,13373.0,0,0,4,45.3,"B,C,W",1
11807,7774,8783,13372.0,0,0,4,45.1,"B,C,W",1
11582,3931,8706,13158.0,0,0,4,47.8,"B,C,W",1
11581,8560,759,13157.0,0,0,5,35.4,"B,C,W",1
11580,8705,1143,13156.0,0,0,5,38.3,"B,C,W",1
11579,8705,5115,13155.0,0,0,4,48.3,"B,C,W",1
11578,5112,8705,13154.0,0,0,4,45.4,"B,C,W",1
11555,8307,8653,9604.0,0,0,4,54.6,"B,C,W",0
11552,1865,3613,13120.0,0,0,5,41.1,"B,C,W",0
11469,8653,7057,11780.0,0,0,4,53.1,"B,C,W",0
11320,2189,5111,12843.0,0,0,5,40.8,"B,C,W",1
11319,5111,8560,12842.0,0,0,5,41.6,"B,C,W",1
11318,8560,2172,12841.0,0,0,5,38.0,"B,C,W",1
11317,1143,5110,12840.0,0,0,5,35.4,"B,C,W",1
11136,1506,1693,12627.0,0,0,5,38.7,"B,C,W",1
11056,2119,2401,12510.0,0,0,5,38.3,"B,C,W",1
11049,4136,8406,12499.0,0,0,5,39.5,"B,C,W",1
11042,4135,7762,11646.0,0,0,5,37.6,"B,C,W",1
11041,7683,8406,11648.0,0,0,5,37.4,"B,C,W",0
11035,7458,7462,11022.0,0,0,5,39.7,"B,C,W",1
11034,2224,7461,11025.0,0,0,5,31.25,"B,C,W",1
11033,7465,2223,11028.0,0,0,4,54.2,"B,C,W",1
11030,7532,7525,11138.0,0,0,5,31.25,"B,C,W",1
10755,2975,2976,12183.0,0,0,4,48.7,"B,C,W",1
10743,2720,834,12161.0,0,0,5,40.95,"B,C,W",0
10742,1112,834,12160.0,0,0,4,49.15,"B,C,W",0
10741,1107,1111,12159.0,0,0,4,53.8,"B,C,W",0
10740,5733,252,12158.0,0,0,5,43.7,"B,C,W",1
10739,2298,1082,12157.0,0,0,4,46.1,"B,C,W",1
10738,904,1108,12156.0,0,0,4,46.1,"B,C,W",1
10737,8307,1350,12155.0,0,0,4,51.4,"B,C,W",0
10547,8232,3800,11957.0,0,0,4,45.0,"B,C,W",0
10546,8231,8232,11956.0,0,0,5,44.6,"B,C,W",0
10545,7666,7665,11955.0,0,0,5,43.8,"B,C,W",1
10543,5837,3809,11953.0,0,0,3,58.1,"B,C,W",0
10538,7773,8229,11948.0,0,0,4,52.5,"B,C,W",1
10170,8050,8049,9163.0,0,6,3,64.0,"B,C,W",1
10169,3287,8050,9162.0,0,10,3,62.4,"B,C,W",1
9954,3236,2435,11893.0,0,0,4,54.1,"B,C,W",1
9842,7057,7038,13034.0,0,0,4,53.4,"B,C,W",0
9733,7762,7773,11670.0,0,0,4,51.1,"B,C,W",1
9732,7762,4133,11669.0,0,0,4,54.4,"B,C,W",1
9731,4133,3819,11668.0,0,0,4,52.0,"B,C,W",1
9730,7760,5838,11667.0,0,0,5,37.9,"B,C,W",0
9719,7764,7755,11656.0,0,0,5,42.3,"B,C,W",0
9718,7760,7764,11655.0,0,0,5,38.6,"B,C,W",0
9716,7759,7761,11653.0,0,0,5,42.45,"B,C,W",0
9715,7761,7762,11652.0,0,0,5,34.9,"B,C,W",1
9714,4136,7761,11651.0,0,0,5,40.1,"B,C,W",1
9713,7759,7760,11649.0,0,0,5,36.1,"B,C,W",0
9712,7757,7758,11647.0,0,0,5,31.0,"B,C,W",0
9516,3816,3814,11448.0,0,0,4,49.1,"B,C,W",1
9514,4129,3814,11446.0,0,0,4,46.8,"B,C,W",1
9513,4131,3822,11445.0,0,0,4,51.3,"B,C,W",1
9512,3821,7669,11444.0,0,0,4,54.1,"B,C,W",1
9511,7669,3816,11443.0,0,0,4,48.4,"B,C,W",1
9510,7672,3815,11442.0,0,0,5,43.9,"B,C,W",1
9509,3820,3817,11441.0,0,0,4,54.6,"B,C,W",1
9508,3818,7662,11440.0,0,0,4,50.7,"B,C,W",1
9507,7662,7672,11439.0,0,0,4,47.4,"B,C,W",1
9506,7659,7672,11438.0,0,0,5,39.4,"B,C,W",1
9505,3817,7671,11437.0,0,0,4,47.3,"B,C,W",1
9504,7671,7663,11436.0,0,0,4,51.6,"B,C,W",1
9503,7663,7661,11435.0,0,0,4,54.6,"B,C,W",1
9502,7661,7659,11434.0,0,0,4,49.3,"B,C,W",1
9501,4125,7670,11433.0,0,0,2,88.4,"B,C,W",1
9500,3815,7668,11432.0,0,0,5,39.1,"B,C,W",1
9499,7662,7668,11431.0,0,0,5,43.0,"B,C,W",1
9498,3818,7667,11430.0,0,0,5,39.4,"B,C,W",1
9497,7667,3821,11429.0,0,0,5,42.2,"B,C,W",1
9496,7668,7669,11428.0,0,0,5,44.2,"B,C,W",1
9495,7669,7666,11427.0,0,0,5,41.4,"B,C,W",1
9494,3821,7664,11426.0,0,0,4,48.1,"B,C,W",1
9493,7668,7667,11425.0,0,0,5,39.6,"B,C,W",1
9492,7667,3820,11424.0,0,0,5,44.8,"B,C,W",1
9491,3814,7666,11423.0,0,0,4,48.0,"B,C,W",1
9490,7665,7664,11422.0,0,0,5,44.7,"B,C,W",1
9489,7664,3822,11421.0,0,0,4,48.2,"B,C,W",1
9488,7663,3818,11420.0,0,0,5,39.1,"B,C,W",1
9487,7661,7662,11419.0,0,0,4,47.5,"B,C,W",1
9486,7659,7660,11418.0,0,0,4,53.8,"B,C,W",1
9242,7534,2726,11170.0,0,0,5,38.0,"B,C,W",0
9241,7523,7534,11169.0,0,0,5,33.3,"B,C,W",0
9237,7522,1701,11165.0,0,0,5,42.7,"B,C,W",0
9236,3403,2725,11164.0,0,0,4,46.5,"B,C,W",1
9235,2726,7519,11163.0,0,0,4,50.8,"B,C,W",1
9234,7519,7532,11162.0,0,0,4,53.9,"B,C,W",1
9233,7532,2825,11161.0,0,0,4,52.7,"B,C,W",1
9232,4521,5947,11160.0,0,0,3,55.05,"B,C,W",0
9228,835,56,11156.0,0,0,5,40.3,"B,C,W",0
9225,7529,7528,11153.0,0,0,5,30.0,"B,C,W",0
9224,7528,835,11152.0,0,0,5,38.0,"B,C,W",0
9223,7527,296,11151.0,0,0,4,54.1,"B,C,W",0
9220,7525,7516,11148.0,0,0,5,30.0,"B,C,W",1
9219,7525,7521,11147.0,0,0,5,30.0,"B,C,W",1
9217,7523,2725,11145.0,0,0,5,30.0,"B,C,W",0
9216,7512,7523,11144.0,0,0,5,32.35,"B,C,W",0
9215,7522,7520,11143.0,0,0,4,45.8,"B,C,W",0
9214,7520,7521,11141.0,0,0,5,38.0,"B,C,W",0
9213,7519,7516,11140.0,0,0,5,39.0,"B,C,W",1
9211,7516,7517,11137.0,0,0,5,30.0,"B,C,W",1
9206,7498,2417,11132.0,0,0,3,55.0,"B,C,W",1
9186,7499,7500,11112.0,0,0,5,30.85,"B,C,W",1
9185,7498,7499,11111.0,0,0,5,33.4,"B,C,W",1
9142,2189,5108,11066.0,0,0,5,40.8,"B,C,W",1
9140,4334,5106,11064.0,0,0,5,44.3,"B,C,W",1
9139,1598,1600,11063.0,0,0,5,41.25,"B,C,W",0
9138,1951,2936,11062.0,0,0,5,44.2,"B,C,W",1
9137,2025,716,11061.0,0,0,5,34.0,"B,C,W",1
9136,2140,2756,11060.0,0,0,5,39.4,"B,C,W",1
9135,2756,2757,11059.0,0,0,5,44.6,"B,C,W",1
9134,7266,2758,11058.0,0,0,5,32.9,"B,C,W",1
9133,2756,7266,11057.0,0,0,5,34.35,"B,C,W",1
9132,1207,715,11056.0,0,0,5,31.8,"B,C,W",1
9131,7460,2418,11055.0,0,0,5,39.0,"B,C,W",1
9130,2436,7460,11054.0,0,0,4,50.8,"B,C,W",1
9129,2402,7472,11053.0,0,0,5,43.8,"B,C,W",1
9128,2416,2418,11052.0,0,0,5,35.0,"B,C,W",0
9127,2419,2435,11051.0,0,0,5,35.6,"B,C,W",1
9126,714,2435,11050.0,0,0,5,30.0,"B,C,W",1
9125,7469,713,11049.0,0,0,5,32.4,"B,C,W",1
9124,7463,7469,11048.0,0,0,5,30.55,"B,C,W",1
9123,1207,7463,11047.0,0,0,5,30.0,"B,C,W",1
9122,2436,7472,11046.0,0,0,5,41.0,"B,C,W",1
9121,7472,2223,11045.0,0,0,5,31.4,"B,C,W",1
9120,2224,7466,11044.0,0,0,5,33.95,"B,C,W",1
9119,7466,7470,11043.0,0,0,5,34.3,"B,C,W",1
9118,7470,1206,11042.0,0,0,5,34.45,"B,C,W",1
9117,7471,2304,11041.0,0,0,5,35.05,"B,C,W",1
9116,7463,7471,11040.0,0,0,5,33.5,"B,C,W",1
9115,2303,2304,11039.0,0,0,5,38.0,"B,C,W",1
9114,7468,7462,11038.0,0,0,5,32.25,"B,C,W",1
9113,7470,7468,11037.0,0,0,5,32.9,"B,C,W",1
9112,2402,7459,11036.0,0,0,3,63.4,"B,C,W",1
9111,7458,7469,11035.0,0,0,5,41.9,"B,C,W",1
9110,7461,7465,11034.0,0,0,4,53.8,"B,C,W",1
9109,7467,7461,11033.0,0,0,5,41.3,"B,C,W",1
9108,7468,7467,11032.0,0,0,5,39.3,"B,C,W",1
9107,7466,7467,11031.0,0,0,4,46.6,"B,C,W",1
9106,7464,7457,11030.0,0,0,4,50.7,"B,C,W",1
9105,7459,7460,11029.0,0,0,3,55.5,"B,C,W",1
9104,7464,7465,12481.0,0,0,4,48.9,"B,C,W",1
9103,714,7464,11027.0,0,0,4,52.9,"B,C,W",1
9102,7462,7463,11026.0,0,0,5,30.0,"B,C,W",1
9101,7461,7457,12482.0,0,0,5,30.0,"B,C,W",1
9100,7460,2419,11024.0,0,0,4,47.8,"B,C,W",1
9099,2401,7459,11023.0,0,0,3,58.5,"B,C,W",1
9098,7457,7458,12483.0,0,0,4,50.2,"B,C,W",1
9097,7457,713,11021.0,0,0,5,30.0,"B,C,W",1
8655,7275,1142,10554.0,0,0,4,50.6,"B,C,W",1
8654,2207,1337,10553.0,0,0,5,41.6,"B,C,W",1
8653,5116,2208,10552.0,0,0,4,48.8,"B,C,W",1
8652,1920,7274,10551.0,0,0,5,31.5,"B,C,W",1
8651,7271,1920,10550.0,0,0,4,45.0,"B,C,W",1
8650,2896,7271,10549.0,0,0,3,61.5,"B,C,W",1
8649,2791,1319,10548.0,0,0,5,44.65,"B,C,W",1
8648,4874,4873,10547.0,0,0,5,34.6,"B,C,W",1
8645,2520,2522,10544.0,0,0,5,39.6,"B,C,W",0
8644,2149,118,10543.0,0,0,5,40.6,"B,C,W",1
8643,2521,119,10542.0,0,0,5,35.45,"B,C,W",0
8642,1600,2936,10541.0,0,0,4,46.1,"B,C,W",0
8641,7273,1562,10540.0,0,0,4,45.4,"B,C,W",1
8639,7272,7273,10538.0,0,0,4,45.1,"B,C,W",1
8638,2025,2140,10537.0,0,0,5,44.8,"B,C,W",1
8637,7265,7269,10536.0,0,0,5,36.7,"B,C,W",0
8636,7268,2975,10535.0,0,0,4,54.0,"B,C,W",0
8635,2521,7270,10534.0,0,0,5,34.5,"B,C,W",0
8634,7271,2149,10533.0,0,0,4,54.2,"B,C,W",1
8633,2522,7270,10532.0,0,0,3,62.2,"B,C,W",1
8632,7270,2149,10531.0,0,0,4,55.8,"B,C,W",1
8631,7269,1206,10530.0,0,0,5,35.0,"B,C,W",0
8630,7265,2757,10529.0,0,0,5,44.2,"B,C,W",0
8629,7265,7267,10528.0,0,0,5,44.7,"B,C,W",0
8628,1219,5116,10527.0,0,0,4,46.3,"B,C,W",1
8627,2758,715,10526.0,0,0,5,30.0,"B,C,W",1
8626,7267,7268,10525.0,0,0,5,44.1,"B,C,W",0
8625,7265,7266,10524.0,0,0,5,34.0,"B,C,W",0
8624,4873,2791,10523.0,0,0,5,44.2,"B,C,W",1
8623,2207,5116,10522.0,0,0,5,35.6,"B,C,W",1
8597,7259,5107,10496.0,0,0,5,39.6,"B,C,W",1
8596,5113,7259,10495.0,0,0,3,56.2,"B,C,W",1
8595,7259,7257,10494.0,0,0,3,61.2,"B,C,W",1
8590,2189,5109,10486.0,0,0,5,34.9,"B,C,W",1
8588,5109,5106,10484.0,0,0,5,37.7,"B,C,W",1
8586,7257,7255,10482.0,0,0,4,48.0,"B,C,W",1
8585,7255,7256,10480.0,0,0,4,45.2,"B,C,W",1
8323,5961,7128,9018.0,0,0,5,31.9,"B,C,W",0
8241,2520,926,8908.0,0,0,5,44.0,"B,C,W",0
8201,7040,4371,8844.0,0,0,4,54.2,"B,C,W",1
8171,7038,7040,980.0,0,0,4,54.0,"B,C,W",1
7270,1446,1280,7780.0,0,1,1,81.9,"B,C,W",1
7269,6014,1188,7779.0,0,1,1,89.1,"B,C,W",1
7203,4573,2561,7707.0,0,1,1,93.2,"B,C,W",1
7201,3807,3808,7705.0,0,0,4,54.0,"B,C,W",1
7200,2852,5957,7704.0,0,0,5,44.4,"B,C,W",1
7199,5188,3812,7703.0,0,0,4,45.5,"B,C,W",1
7198,5193,5189,6481.0,0,0,4,45.4,"B,C,W",0
7063,3831,4135,7558.0,0,0,4,46.9,"B,C,W",1
6898,1108,5733,10160.0,0,0,5,41.9,"B,C,W",1
6879,2853,5188,7351.0,0,0,5,39.1,"B,C,W",1
6825,165,2454,7294.0,0,0,5,39.95,"B,C,W",1
6813,3931,3932,7142.0,0,0,5,41.4,"B,C,W",1
6155,5188,5189,6479.0,0,0,5,40.9,"B,C,W",1
6067,2208,1220,6390.0,0,0,4,46.0,"B,C,W",1
6066,1336,5116,10090.0,0,0,4,53.8,"B,C,W",1
6065,1144,1142,6388.0,0,0,5,41.2,"B,C,W",1
6064,3931,5115,6387.0,0,0,5,44.2,"B,C,W",1
6063,1220,5115,6386.0,0,0,4,48.7,"B,C,W",1
6062,1144,5115,6385.0,0,0,5,44.1,"B,C,W",1
6061,5114,3930,6384.0,0,0,4,46.2,"B,C,W",1
6060,5108,5113,6383.0,0,0,5,40.45,"B,C,W",1
6059,5113,5114,6382.0,0,0,5,44.5,"B,C,W",1
6058,5112,5113,6381.0,0,0,4,46.1,"B,C,W",1
6057,5112,3930,6380.0,0,0,3,55.3,"B,C,W",1
6056,5110,5112,6379.0,0,0,5,34.1,"B,C,W",1
6055,5111,5110,6378.0,0,0,5,35.7,"B,C,W",1
6054,5108,5110,6377.0,0,0,5,43.6,"B,C,W",1
6053,2173,4334,6376.0,0,0,4,45.1,"B,C,W",1
6050,5106,5107,10088.0,0,0,5,38.6,"B,C,W",1
5813,1407,1561,6129.0,0,0,5,42.1,"B,C,W",1
5800,1220,1561,6106.0,0,0,5,34.2,"B,C,W",1
5799,4875,4874,10033.0,0,0,5,42.4,"B,C,W",1
5798,4874,1319,7282.0,0,0,5,39.0,"B,C,W",1
5797,2148,2896,7281.0,0,0,5,44.8,"B,C,W",1
5796,4873,2896,10032.0,0,0,5,44.0,"B,C,W",1
5597,1611,1615,5901.0,0,0,5,42.7,"B,C,W",1
5596,4722,1615,5900.0,0,0,4,46.5,"B,C,W",1
5595,4722,3685,5899.0,0,0,3,61.7,"B,C,W",1
5594,589,4722,5898.0,0,0,3,59.9,"B,C,W",1
5330,4574,4573,5618.0,0,1,1,100.6,"B,C,W",1
5329,4570,4576,5617.0,0,1,1,93.9,"B,C,W",1
5328,4576,4574,5616.0,0,1,1,91.8,"B,C,W",1
5327,4568,4575,5615.0,0,0,2,72.7,"B,C,W",1
5326,4575,4242,5614.0,0,0,2,74.2,"B,C,W",1
5316,2759,4570,5604.0,0,1,1,86.4,"B,C,W",1
5246,54,4521,9994.0,0,0,3,57.2,"B,C,W",0
5207,4475,3801,7706.0,0,0,3,58.1,"B,C,W",0
5192,4371,4450,5475.0,0,0,2,66.2,"B,C,W",1
5039,1019,1665,5314.0,0,0,4,45.2,"B,C,W",1
5038,4334,1019,5313.0,0,0,5,37.9,"B,C,W",1
4982,2264,2479,5249.0,0,0,5,42.4,"B,C,W",0
4981,2479,2263,5248.0,0,0,4,53.7,"B,C,W",1
4979,1506,3286,5246.0,0,0,3,60.4,"B,C,W",1
4948,4300,785,5215.0,0,0,4,45.05,"B,C,W",1
4940,1271,924,5204.0,0,0,3,63.4,"B,C,W",1
4938,1190,1845,5202.0,0,0,3,63.4,"B,C,W",1
4919,1702,4289,5183.0,0,1,1,83.2,"B,C,W",1
4832,4242,4124,5091.0,0,0,2,70.5,"B,C,W",1
4738,4135,4136,9943.0,0,0,4,53.25,"B,C,W",1
4736,3824,3831,4995.0,0,0,4,45.9,"B,C,W",1
4735,3831,4133,9942.0,0,0,4,54.3,"B,C,W",1
4734,4132,3824,4993.0,0,0,4,54.5,"B,C,W",1
4733,4132,3810,4992.0,0,0,4,48.7,"B,C,W",1
4732,4131,4132,4991.0,0,0,4,54.0,"B,C,W",1
4731,3810,3808,4990.0,0,0,3,56.8,"B,C,W",1
4730,4130,4125,4989.0,0,0,2,79.4,"B,C,W",1
4729,3805,4130,4988.0,0,0,2,67.7,"B,C,W",1
4721,4123,4124,4980.0,0,0,3,60.5,"B,C,W",1
4720,3816,4122,4979.0,0,0,4,54.35,"B,C,W",1
4719,4122,4123,4978.0,0,0,3,56.3,"B,C,W",1
4505,2519,3932,4753.0,0,0,4,45.75,"B,C,W",1
4504,3930,3931,7214.0,0,0,4,50.9,"B,C,W",1
4422,3830,3831,4668.0,0,0,3,57.8,"B,C,W",0
4416,3824,3825,4662.0,0,0,2,69.3,"B,C,W",1
4415,3811,3823,4661.0,0,0,3,63.3,"B,C,W",1
4414,3822,3819,9899.0,0,0,4,51.8,"B,C,W",1
4413,3819,3821,9898.0,0,0,4,52.2,"B,C,W",1
4412,3819,3820,9897.0,0,0,4,53.1,"B,C,W",1
4411,3817,3818,9896.0,0,0,4,49.3,"B,C,W",1
4410,3815,3816,9895.0,0,0,5,38.0,"B,C,W",1
4409,3814,3811,9894.0,0,0,4,45.7,"B,C,W",1
4408,3805,3811,4654.0,0,0,4,51.8,"B,C,W",1
4407,3813,3805,4653.0,0,0,4,48.8,"B,C,W",1
4406,2852,3813,4652.0,0,0,4,51.3,"B,C,W",1
4405,3812,3813,4651.0,0,0,5,42.9,"B,C,W",1
4404,3811,3808,4650.0,0,0,5,43.3,"B,C,W",1
4403,3809,3810,7557.0,0,0,3,60.0,"B,C,W",0
4402,3808,3804,4648.0,0,0,4,52.05,"B,C,W",1
4401,3806,3807,4647.0,0,0,4,50.5,"B,C,W",1
4400,3804,2852,4646.0,0,0,4,45.0,"B,C,W",1
4399,3804,3805,4645.0,0,0,4,45.6,"B,C,W",1
4398,3803,3804,4644.0,0,0,3,59.9,"B,C,W",1
4397,2853,2760,4643.0,0,0,4,48.8,"B,C,W",1
4396,3802,2853,4642.0,0,0,4,48.8,"B,C,W",0
4395,3800,3801,9893.0,0,0,3,55.7,"B,C,W",0
4387,1189,2196,4633.0,0,1,1,81.9,"B,C,W",1
4264,654,3684,4499.0,0,1,1,90.6,"B,C,W",1
4180,3613,3614,4413.0,0,0,5,35.4,"B,C,W",0
4064,3548,3269,4287.0,0,0,4,53.45,"B,C,W",1
3981,3403,3001,4200.0,0,0,5,39.9,"B,C,W",1
3596,3286,3287,3795.0,0,0,2,66.6,"B,C,W",1
3548,3212,3236,9829.0,0,0,4,53.3,"B,C,W",0
3342,3002,3003,9817.0,0,0,3,55.5,"B,C,W",1
3341,3001,3002,3522.0,0,0,3,50.1,"B,C,W",1
3340,2417,3000,9816.0,0,0,3,57.1,"B,C,W",1
3302,2198,2197,3483.0,0,1,1,68.4,"B,C,W",1
3299,2197,652,3480.0,0,1,1,66.3,"B,C,W",1
3298,2198,1702,3479.0,0,1,1,80.9,"B,C,W",1
3297,2976,2844,9810.0,0,0,4,54.0,"B,C,W",1
3296,1272,2975,3477.0,0,0,5,36.8,"B,C,W",1
3294,1953,2172,3475.0,0,0,5,40.85,"B,C,W",1
3293,1338,2975,3474.0,0,0,4,45.6,"B,C,W",1
3261,470,2264,3435.0,0,0,3,58.3,"B,C,W",0
3258,759,1143,3432.0,0,0,5,41.85,"B,C,W",1
3179,2936,1952,9801.0,0,0,5,44.4,"B,C,W",1
3178,1665,2188,3343.0,0,0,4,45.55,"B,C,W",1
3159,2927,2759,3315.0,0,1,1,86.6,"B,C,W",1
3158,2762,2927,3314.0,0,1,1,89.3,"B,C,W",1
3157,2926,2762,3313.0,0,1,1,89.6,"B,C,W",0
3097,2896,2897,15040.0,0,0,4,47.8,"B,C,W",1
3071,2515,2118,3216.0,0,0,4,49.2,"B,C,W",1
3059,2504,2146,3203.0,0,0,5,33.8,"B,C,W",1
3058,2504,936,3202.0,0,0,5,32.0,"B,C,W",1
3047,1953,1601,3191.0,0,0,5,36.35,"B,C,W",1
3046,1953,758,3190.0,0,0,5,37.1,"B,C,W",1
3017,2852,2853,3158.0,0,0,4,53.9,"B,C,W",1
2991,2844,2514,3130.0,0,0,5,36.0,"B,C,W",1
2990,2844,2118,3129.0,0,0,4,45.3,"B,C,W",1
2917,1701,2825,3051.0,0,0,4,50.1,"B,C,W",1
2895,1601,2190,3028.0,0,0,5,33.3,"B,C,W",1
2830,2790,2791,9781.0,0,0,5,40.2,"B,C,W",1
2784,2763,2697,2911.0,0,0,5,37.95,"B,C,W",1
2783,2697,120,2910.0,0,0,5,39.45,"B,C,W",1
2782,2697,590,2909.0,0,0,5,44.4,"B,C,W",1
2778,2760,2761,2905.0,0,0,3,57.4,"B,C,W",1
2775,2758,1206,9777.0,0,0,5,32.6,"B,C,W",1
2774,2757,1338,9776.0,0,0,5,42.75,"B,C,W",1
2773,2756,716,2900.0,0,0,5,38.6,"B,C,W",1
2736,1082,2188,2863.0,0,0,4,45.9,"B,C,W",1
2717,2725,2726,9766.0,0,0,4,46.7,"B,C,W",1
2678,120,1919,2801.0,0,0,5,38.3,"B,C,W",1
2677,120,2383,2800.0,0,0,5,44.8,"B,C,W",1
2663,119,2697,2786.0,0,0,5,38.7,"B,C,W",1
2662,119,2516,2785.0,0,0,5,44.0,"B,C,W",1
2641,927,1803,2764.0,0,0,3,64.1,"B,C,W",1
2630,2454,1504,2753.0,0,0,3,56.2,"B,C,W",1
2528,285,1446,2646.0,0,1,1,81.3,"B,C,W",0
2380,1505,2515,2490.0,0,0,3,58.6,"B,C,W",1
2365,1110,1506,2475.0,0,0,5,40.2,"B,C,W",1
2364,1110,2454,2474.0,0,0,5,32.5,"B,C,W",1
2331,1613,2530,2431.0,0,0,5,38.7,"B,C,W",1
2330,1613,2529,2430.0,0,0,5,44.7,"B,C,W",1
2324,2522,2148,9735.0,0,0,5,44.4,"B,C,W",1
2323,2520,2521,9734.0,0,0,5,36.0,"B,C,W",0
2322,926,2519,2422.0,0,0,4,54.0,"B,C,W",1
2312,2514,2515,2412.0,0,0,5,37.1,"B,C,W",1
2311,2514,1763,2411.0,0,0,5,35.1,"B,C,W",1
2290,165,2504,2390.0,0,0,5,34.25,"B,C,W",1
2248,1612,2384,2344.0,0,0,5,43.6,"B,C,W",1
2247,1612,2479,2343.0,0,0,4,50.6,"B,C,W",1
2210,2453,2454,2303.0,0,0,5,44.0,"B,C,W",1
2188,2435,2436,9719.0,0,0,5,34.9,"B,C,W",1
2182,1285,1336,2273.0,0,0,4,45.6,"B,C,W",1
2181,1285,1219,2272.0,0,0,5,38.2,"B,C,W",1
2164,2416,2419,9716.0,0,0,5,30.35,"B,C,W",0
2163,2418,1695,9715.0,0,0,5,34.15,"B,C,W",1
2162,2416,2417,2252.0,0,0,5,39.85,"B,C,W",0
2134,2119,2402,9713.0,0,0,5,44.9,"B,C,W",1
2133,2401,1695,9712.0,0,0,5,33.4,"B,C,W",1
1988,2304,1207,9703.0,0,0,5,30.0,"B,C,W",1
1980,252,2298,9702.0,0,0,4,46.9,"B,C,W",1
1935,2264,1479,2017.0,0,0,5,37.3,"B,C,W",0
1883,2223,2224,9691.0,0,0,5,31.45,"B,C,W",1
1865,1063,2208,7155.0,0,0,4,48.3,"B,C,W",1
1864,1063,2207,9690.0,0,0,5,43.35,"B,C,W",1
1847,2196,654,1925.0,0,1,1,92.0,"B,C,W",1
1841,2188,2190,1919.0,0,0,5,34.6,"B,C,W",1
1840,2188,2189,15936.0,0,0,4,45.4,"B,C,W",1
1814,2172,2173,15935.0,0,0,4,48.5,"B,C,W",1
1808,1763,164,1885.0,0,0,3,59.4,"B,C,W",1
1780,2148,2149,9684.0,0,0,5,44.8,"B,C,W",1
1775,2146,937,1851.0,0,0,5,33.45,"B,C,W",1
1774,2146,1601,1850.0,0,0,5,37.85,"B,C,W",1
1773,2146,923,1849.0,0,0,5,38.5,"B,C,W",1
1765,1337,2140,9683.0,0,0,5,44.7,"B,C,W",1
1764,1337,1062,1840.0,0,0,5,38.2,"B,C,W",1
1744,2118,2119,1820.0,0,0,5,44.4,"B,C,W",1
1731,2111,1338,1807.0,0,0,4,45.4,"B,C,W",1
1641,1062,2025,9676.0,0,0,5,38.0,"B,C,W",1
1640,1062,1356,1714.0,0,0,5,33.5,"B,C,W",1
1555,1952,1953,1628.0,0,0,5,38.9,"B,C,W",1
1522,1918,1920,9662.0,0,0,5,36.45,"B,C,W",0
1521,1918,118,1590.0,0,0,5,39.15,"B,C,W",0
1520,1918,1919,1589.0,0,0,5,38.25,"B,C,W",0
1444,1845,1271,1508.0,0,0,2,69.1,"B,C,W",1
1436,1611,1835,1500.0,0,0,5,43.5,"B,C,W",1
1402,1803,1190,1465.0,0,0,3,64.1,"B,C,W",1
1401,1803,1219,1464.0,0,0,5,43.05,"B,C,W",1
1381,1018,903,1444.0,0,0,5,32.8,"B,C,W",0
1380,1018,916,1443.0,0,0,5,30.4,"B,C,W",0
1345,924,1763,1406.0,0,0,3,58.0,"B,C,W",1
1279,55,1701,1333.0,0,0,4,53.9,"B,C,W",1
1274,1693,1696,1327.0,0,0,5,31.8,"B,C,W",1
1273,1693,1695,1326.0,0,0,5,38.0,"B,C,W",1
1272,1693,1694,1325.0,0,0,5,36.0,"B,C,W",1
1234,1665,251,1287.0,0,0,5,42.5,"B,C,W",1
1180,1614,1615,1231.0,0,0,4,46.2,"B,C,W",0
1165,1600,1601,9632.0,0,0,5,40.9,"B,C,W",0
1164,1598,923,1215.0,0,0,5,39.5,"B,C,W",0
1163,1598,1599,1214.0,0,0,5,44.6,"B,C,W",0
1130,1561,1562,9623.0,0,0,5,30.6,"B,C,W",1
1082,166,1506,1128.0,0,0,3,61.3,"B,C,W",1
1081,1504,1505,1127.0,0,0,3,64.2,"B,C,W",1
949,716,1356,987.0,0,0,5,41.7,"B,C,W",1
942,1350,903,9603.0,0,0,4,48.8,"B,C,W",1
927,1336,1338,964.0,0,0,4,45.8,"B,C,W",1
926,1336,1337,963.0,0,0,5,43.9,"B,C,W",1
909,1319,1063,946.0,0,0,5,41.6,"B,C,W",1
908,1319,785,945.0,0,0,5,41.1,"B,C,W",1
904,1313,1314,9601.0,0,0,4,52.05,"B,C,W",1
884,1190,1285,919.0,0,0,4,46.1,"B,C,W",1
880,1280,1281,915.0,0,1,1,81.2,"B,C,W",1
829,1219,1220,862.0,0,0,5,41.0,"B,C,W",1
818,1206,1207,851.0,0,0,5,30.0,"B,C,W",1
806,1142,1190,839.0,0,0,5,40.8,"B,C,W",1
803,1188,1189,836.0,0,1,1,92.5,"B,C,W",1
768,1143,1144,800.0,0,0,5,38.9,"B,C,W",1
767,759,1142,799.0,0,0,5,38.3,"B,C,W",1
737,1111,1112,9590.0,0,0,4,53.3,"B,C,W",0
736,1109,1110,766.0,0,0,5,30.0,"B,C,W",1
735,1107,1108,765.0,0,0,4,45.6,"B,C,W",0
713,937,1082,738.0,0,0,5,34.0,"B,C,W",1
698,786,1063,723.0,0,0,4,45.1,"B,C,W",1
697,786,1062,722.0,0,0,4,46.6,"B,C,W",1
665,917,1019,690.0,0,0,5,34.05,"B,C,W",0
664,917,1018,689.0,0,0,5,30.0,"B,C,W",0
601,936,252,625.0,0,0,5,36.9,"B,C,W",1
600,936,937,624.0,0,0,5,30.0,"B,C,W",1
593,653,927,617.0,0,0,2,69.9,"B,C,W",1
591,923,924,615.0,0,0,5,41.4,"B,C,W",1
590,923,165,614.0,0,0,5,39.95,"B,C,W",1
585,916,917,609.0,0,0,5,34.1,"B,C,W",0
584,916,251,608.0,0,0,5,37.5,"B,C,W",0
577,903,904,9581.0,0,0,4,48.5,"B,C,W",1
531,834,835,9575.0,0,0,5,39.15,"B,C,W",0
497,785,786,521.0,0,0,4,48.0,"B,C,W",1
478,758,759,501.0,0,0,5,38.95,"B,C,W",1
448,715,716,9572.0,0,0,5,31.2,"B,C,W",1
447,713,714,9571.0,0,0,5,30.0,"B,C,W",1
403,652,653,423.0,0,0,2,65.6,"B,C,W",1
278,56,450,13099.0,0,0,5,42.1,"B,C,W",1
175,286,287,12955.0,0,1,1,81.8,"B,C,W",1
174,284,285,183.0,0,1,1,77.7,"B,C,W",0
154,251,252,162.0,0,0,5,37.4,"B,C,W",1
101,164,166,105.0,0,0,3,60.4,"B,C,W",1
100,164,165,104.0,0,0,5,42.4,"B,C,W",1
72,118,120,75.0,0,0,5,40.9,"B,C,W",1
71,118,119,74.0,0,0,5,32.1,"B,C,W",1
32,54,55,32.0,0,0,4,51.45,"B,C,W",0
15296,1944,7670,17224.5,0,0,2,83.7,"B,C,W",1
14403,2763,3932,16020.5,0,0,5,37.95,"B,C,W",1
14360,7498,3003,15985.5,0,0,3,55.5,"B,C,W",1
14359,3002,1696,15984.5,0,0,5,31.8,"B,C,W",1
14358,1696,3003,15983.5,0,0,5,36.0,"B,C,W",1
14321,4298,7275,65.5,0,0,5,36.7,"B,C,W",1
14093,4875,7272,15708.5,0,0,5,42.4,"B,C,W",1
14092,10126,2208,15707.5,0,0,4,54.0,"B,C,W",1
14008,4334,9820,15621.5,0,0,4,46.1,"B,C,W",1
13527,284,286,15149.5,0,1,1,81.8,"B,C,W",0
13526,7039,286,15148.5,0,0,4,46.7,"B,C,W",0
13525,1864,1445,15147.5,0,0,4,48.6,"B,C,W",1
13524,2849,9849,15146.5,0,0,5,43.5,"B,C,W",0
13445,9819,9820,15058.5,0,0,4,46.1,"B,C,W",0
13425,4300,2530,15070.5,0,0,5,44.7,"B,C,W",1
13424,2790,7274,15069.5,0,0,5,41.5,"B,C,W",1
13421,9818,9817,15036.5,0,0,5,35.7,"B,C,W",1
13420,9817,9816,15035.5,0,0,5,35.7,"B,C,W",1
13419,9816,7257,10481.5,0,0,5,38.6,"B,C,W",1
13418,9815,7255,10487.5,0,0,4,54.5,"B,C,W",0
13411,8296,1314,15028.5,0,0,4,52.6,"B,C,W",1
13410,1313,5114,15027.5,0,0,5,42.6,"B,C,W",1
13409,9813,1281,15026.5,0,1,1,82.8,"B,C,W",1
13408,6014,9813,15025.5,0,1,1,82.8,"B,C,W",1
13329,9773,9774,14941.5,0,0,5,35.0,"B,C,W",0
13328,9772,9773,14940.5,0,0,5,35.0,"B,C,W",0
13327,9337,9772,14939.5,0,0,5,35.0,"B,C,W",0
13214,9713,3611,14830.5,0,0,5,40.8,"B,C,W",1
12776,1107,1109,14386.5,0,0,5,32.9,"B,C,W",0
12775,2453,1108,14385.5,0,0,5,41.0,"B,C,W",1
12774,9432,1109,14384.5,0,0,5,30.0,"B,C,W",1
12773,1109,2453,14383.5,0,0,5,31.3,"B,C,W",1
12626,8231,3802,14237.5,0,0,4,50.4,"B,C,W",0
12625,9338,3802,14236.5,0,0,5,35.0,"B,C,W",0
12624,9337,9338,14235.5,0,0,5,35.0,"B,C,W",0
12623,8231,9337,14234.5,0,0,5,35.0,"B,C,W",0
12437,9197,5957,14049.5,0,0,4,45.9,"B,C,W",0
12436,9197,9196,14048.5,0,0,5,35.0,"B,C,W",0
12435,3803,9196,14047.5,0,0,4,51.2,"B,C,W",1
12434,3801,3803,14046.5,0,0,3,64.1,"B,C,W",0
12433,9195,9197,14045.5,0,0,5,42.0,"B,C,W",0
12432,3806,5957,14044.5,0,0,4,47.25,"B,C,W",1
12431,9196,3806,14043.5,0,0,5,39.3,"B,C,W",1
12430,4131,3823,14042.5,0,0,3,62.8,"B,C,W",1
12429,3823,7664,14041.5,0,3,4,50.1,"B,C,W",1
12427,9193,9195,14039.5,0,0,5,42.0,"B,C,W",0
12423,9190,9191,14035.5,0,0,5,37.3,"B,C,W",0
12422,3809,9190,14034.5,0,0,5,39.9,"B,C,W",0
12420,7684,8406,14032.5,0,0,5,41.5,"B,C,W",1
12419,7760,7684,14031.5,0,0,5,44.0,"B,C,W",0
12407,9179,9180,14019.5,0,0,5,41.4,"B,C,W",0
12406,7758,9180,14018.5,0,0,4,47.0,"B,C,W",0
12405,9180,7759,14017.5,0,0,5,44.85,"B,C,W",0
12404,7774,8229,14016.5,0,0,4,47.2,"B,C,W",1
12403,9179,8229,14015.5,0,0,5,38.7,"B,C,W",0
12401,7758,9177,14013.5,0,0,4,47.0,"B,C,W",0
12399,7758,7764,11947.5,0,0,5,32.1,"B,C,W",0
12398,9169,3813,14011.5,0,0,5,37.3,"B,C,W",0
12397,9168,7660,14009.5,0,0,5,37.0,"B,C,W",0
12396,9174,7660,14008.5,0,0,5,43.9,"B,C,W",1
12386,9168,9169,13996.5,0,0,5,35.8,"B,C,W",0
11947,8231,8857,13533.5,0,0,5,44.2,"B,C,W",0
11824,8780,8783,13388.5,0,0,4,45.3,"B,C,W",1
11812,8784,7659,13377.5,0,0,4,46.3,"B,C,W",0
11811,8782,7661,13376.5,0,0,5,43.3,"B,C,W",0
11809,8781,7671,13374.5,0,0,4,45.3,"B,C,W",1
11808,7671,8783,13373.5,0,0,4,45.3,"B,C,W",1
11807,8783,7774,13372.5,0,0,4,45.1,"B,C,W",1
11582,8706,3931,13158.5,0,0,4,47.8,"B,C,W",1
11581,759,8560,13157.5,0,0,5,35.4,"B,C,W",1
11580,1143,8705,13156.5,0,0,5,38.3,"B,C,W",1
11579,5115,8705,13155.5,0,0,4,48.3,"B,C,W",1
11578,8705,5112,13154.5,0,0,4,45.4,"B,C,W",1
11555,8307,8653,9604.5,0,0,4,54.6,"B,C,W",0
11552,1865,3613,13120.5,0,0,5,41.1,"B,C,W",0
11469,8653,7057,11780.5,0,0,4,53.1,"B,C,W",0
11320,5111,2189,12843.5,0,0,5,40.8,"B,C,W",1
11319,8560,5111,12842.5,0,0,5,41.6,"B,C,W",1
11318,2172,8560,12841.5,0,0,5,38.0,"B,C,W",1
11317,5110,1143,12840.5,0,0,5,35.4,"B,C,W",1
11136,1693,1506,12627.5,0,0,5,38.7,"B,C,W",1
11056,2401,2119,12510.5,0,0,5,38.3,"B,C,W",1
11049,8406,4136,12499.5,0,0,5,39.5,"B,C,W",1
11042,7762,4135,11646.5,0,0,5,37.6,"B,C,W",1
11041,7683,8406,11648.5,0,0,5,37.4,"B,C,W",0
11035,7462,7458,11022.5,0,0,5,39.7,"B,C,W",1
11034,7461,2224,11025.5,0,0,5,31.25,"B,C,W",1
11033,2223,7465,11028.5,0,0,4,54.2,"B,C,W",1
11030,7525,7532,11138.5,0,0,5,31.25,"B,C,W",1
10755,2976,2975,12183.5,0,0,4,48.7,"B,C,W",1
10743,2720,834,12161.5,0,0,5,40.95,"B,C,W",0
10742,1112,834,12160.5,0,0,4,49.15,"B,C,W",0
10741,1107,1111,12159.5,0,0,4,53.8,"B,C,W",0
10740,252,5733,12158.5,0,0,5,43.7,"B,C,W",1
10739,1082,2298,12157.5,0,0,4,46.1,"B,C,W",1
10738,1108,904,12156.5,0,0,4,46.1,"B,C,W",1
10737,8307,1350,12155.5,0,0,4,51.4,"B,C,W",0
10547,8232,3800,11957.5,0,0,4,45.0,"B,C,W",0
10546,8231,8232,11956.5,0,0,5,44.6,"B,C,W",0
10545,7665,7666,11955.5,0,0,5,43.8,"B,C,W",1
10543,5837,3809,11953.5,0,0,3,58.1,"B,C,W",0
10538,8229,7773,11948.5,0,0,4,52.5,"B,C,W",1
10170,8049,8050,9163.5,0,6,3,64.0,"B,C,W",1
10169,8050,3287,9162.5,0,10,3,62.4,"B,C,W",1
9954,2435,3236,11893.5,0,0,4,54.1,"B,C,W",1
9842,7057,7038,13034.5,0,0,4,53.4,"B,C,W",0
9733,7773,7762,11670.5,0,0,4,51.1,"B,C,W",1
9732,4133,7762,11669.5,0,0,4,54.4,"B,C,W",1
9731,3819,4133,11668.5,0,0,4,52.0,"B,C,W",1
9730,7760,5838,11667.5,0,0,5,37.9,"B,C,W",0
9719,7764,7755,11656.5,0,0,5,42.3,"B,C,W",0
9718,7760,7764,11655.5,0,0,5,38.6,"B,C,W",0
9716,7759,7761,11653.5,0,0,5,42.45,"B,C,W",0
9715,7762,7761,11652.5,0,0,5,34.9,"B,C,W",1
9714,7761,4136,11651.5,0,0,5,40.1,"B,C,W",1
9713,7759,7760,11649.5,0,0,5,36.1,"B,C,W",0
9712,7757,7758,11647.5,0,0,5,31.0,"B,C,W",0
9516,3814,3816,11448.5,0,0,4,49.1,"B,C,W",1
9514,3814,4129,11446.5,0,0,4,46.8,"B,C,W",1
9513,3822,4131,11445.5,0,0,4,51.3,"B,C,W",1
9512,7669,3821,11444.5,0,0,4,54.1,"B,C,W",1
9511,3816,7669,11443.5,0,0,4,48.4,"B,C,W",1
9510,3815,7672,11442.5,0,0,5,43.9,"B,C,W",1
9509,3817,3820,11441.5,0,0,4,54.6,"B,C,W",1
9508,7662,3818,11440.5,0,0,4,50.7,"B,C,W",1
9507,7672,7662,11439.5,0,0,4,47.4,"B,C,W",1
9506,7672,7659,11438.5,0,0,5,39.4,"B,C,W",1
9505,7671,3817,11437.5,0,0,4,47.3,"B,C,W",1
9504,7663,7671,11436.5,0,0,4,51.6,"B,C,W",1
9503,7661,7663,11435.5,0,0,4,54.6,"B,C,W",1
9502,7659,7661,11434.5,0,0,4,49.3,"B,C,W",1
9501,7670,4125,11433.5,0,0,2,88.4,"B,C,W",1
9500,7668,3815,11432.5,0,0,5,39.1,"B,C,W",1
9499,7668,7662,11431.5,0,0,5,43.0,"B,C,W",1
9498,7667,3818,11430.5,0,0,5,39.4,"B,C,W",1
9497,3821,7667,11429.5,0,0,5,42.2,"B,C,W",1
9496,7669,7668,11428.5,0,0,5,44.2,"B,C,W",1
9495,7666,7669,11427.5,0,0,5,41.4,"B,C,W",1
9494,7664,3821,11426.5,0,0,4,48.1,"B,C,W",1
9493,7667,7668,11425.5,0,0,5,39.6,"B,C,W",1
9492,3820,7667,11424.5,0,0,5,44.8,"B,C,W",1
9491,7666,3814,11423.5,0,0,4,48.0,"B,C,W",1
9490,7664,7665,11422.5,0,0,5,44.7,"B,C,W",1
9489,3822,7664,11421.5,0,0,4,48.2,"B,C,W",1
9488,3818,7663,11420.5,0,0,5,39.1,"B,C,W",1
9487,7662,7661,11419.5,0,0,4,47.5,"B,C,W",1
9486,7660,7659,11418.5,0,0,4,53.8,"B,C,W",1
9242,7534,2726,11170.5,0,0,5,38.0,"B,C,W",0
9241,7523,7534,11169.5,0,0,5,33.3,"B,C,W",0
9237,7522,1701,11165.5,0,0,5,42.7,"B,C,W",0
9236,2725,3403,11164.5,0,0,4,46.5,"B,C,W",1
9235,7519,2726,11163.5,0,0,4,50.8,"B,C,W",1
9234,7532,7519,11162.5,0,0,4,53.9,"B,C,W",1
9233,2825,7532,11161.5,0,0,4,52.7,"B,C,W",1
9232,4521,5947,11160.5,0,0,3,55.05,"B,C,W",0
9228,835,56,11156.5,0,0,5,40.3,"B,C,W",0
9225,7529,7528,11153.5,0,0,5,30.0,"B,C,W",0
9224,7528,835,11152.5,0,0,5,38.0,"B,C,W",0
9223,7527,296,11151.5,0,0,4,54.1,"B,C,W",0
9220,7516,7525,11148.5,0,0,5,30.0,"B,C,W",1
9219,7521,7525,11147.5,0,0,5,30.0,"B,C,W",1
9217,7523,2725,11145.5,0,0,5,30.0,"B,C,W",0
9216,7512,7523,11144.5,0,0,5,32.35,"B,C,W",0
9215,7522,7520,11143.5,0,0,4,45.8,"B,C,W",0
9214,7520,7521,11141.5,0,0,5,38.0,"B,C,W",0
9213,7516,7519,11140.5,0,0,5,39.0,"B,C,W",1
9211,7517,7516,11137.5,0,0,5,30.0,"B,C,W",1
9206,2417,7498,11132.5,0,0,3,55.0,"B,C,W",1
9186,7500,7499,11112.5,0,0,5,30.85,"B,C,W",1
9185,7499,7498,11111.5,0,0,5,33.4,"B,C,W",1
9142,5108,2189,11066.5,0,0,5,40.8,"B,C,W",1
9140,5106,4334,11064.5,0,0,5,44.3,"B,C,W",1
9139,1598,1600,11063.5,0,0,5,41.25,"B,C,W",0
9138,2936,1951,11062.5,0,0,5,44.2,"B,C,W",1
9137,716,2025,11061.5,0,0,5,34.0,"B,C,W",1
9136,2756,2140,11060.5,0,0,5,39.4,"B,C,W",1
9135,2757,2756,11059.5,0,0,5,44.6,"B,C,W",1
9134,2758,7266,11058.5,0,0,5,32.9,"B,C,W",1
9133,7266,2756,11057.5,0,0,5,34.35,"B,C,W",1
9132,715,1207,11056.5,0,0,5,31.8,"B,C,W",1
9131,2418,7460,11055.5,0,0,5,39.0,"B,C,W",1
9130,7460,2436,11054.5,0,0,4,50.8,"B,C,W",1
9129,7472,2402,11053.5,0,0,5,43.8,"B,C,W",1
9128,2416,2418,11052.5,0,0,5,35.0,"B,C,W",0
9127,2435,2419,11051.5,0,0,5,35.6,"B,C,W",1
9126,2435,714,11050.5,0,0,5,30.0,"B,C,W",1
9125,713,7469,11049.5,0,0,5,32.4,"B,C,W",1
9124,7469,7463,11048.5,0,0,5,30.55,"B,C,W",1
9123,7463,1207,11047.5,0,0,5,30.0,"B,C,W",1
9122,7472,2436,11046.5,0,0,5,41.0,"B,C,W",1
9121,2223,7472,11045.5,0,0,5,31.4,"B,C,W",1
9120,7466,2224,11044.5,0,0,5,33.95,"B,C,W",1
9119,7470,7466,11043.5,0,0,5,34.3,"B,C,W",1
9118,1206,7470,11042.5,0,0,5,34.45,"B,C,W",1
9117,2304,7471,11041.5,0,0,5,35.05,"B,C,W",1
9116,7471,7463,11040.5,0,0,5,33.5,"B,C,W",1
9115,2304,2303,11039.5,0,0,5,38.0,"B,C,W",1
9114,7462,7468,11038.5,0,0,5,32.25,"B,C,W",1
9113,7468,7470,11037.5,0,0,5,32.9,"B,C,W",1
9112,7459,2402,11036.5,0,0,3,63.4,"B,C,W",1
9111,7469,7458,11035.5,0,0,5,41.9,"B,C,W",1
9110,7465,7461,11034.5,0,0,4,53.8,"B,C,W",1
9109,7461,7467,11033.5,0,0,5,41.3,"B,C,W",1
9108,7467,7468,11032.5,0,0,5,39.3,"B,C,W",1
9107,7467,7466,11031.5,0,0,4,46.6,"B,C,W",1
9106,7457,7464,11030.5,0,0,4,50.7,"B,C,W",1
9105,7460,7459,11029.5,0,0,3,55.5,"B,C,W",1
9104,7465,7464,12481.5,0,0,4,48.9,"B,C,W",1
9103,7464,714,11027.5,0,0,4,52.9,"B,C,W",1
9102,7463,7462,11026.5,0,0,5,30.0,"B,C,W",1
9101,7457,7461,12482.5,0,0,5,30.0,"B,C,W",1
9100,2419,7460,11024.5,0,0,4,47.8,"B,C,W",1
9099,7459,2401,11023.5,0,0,3,58.5,"B,C,W",1
9098,7458,7457,12483.5,0,0,4,50.2,"B,C,W",1
9097,713,7457,11021.5,0,0,5,30.0,"B,C,W",1
8655,1142,7275,10554.5,0,0,4,50.6,"B,C,W",1
8654,1337,2207,10553.5,0,0,5,41.6,"B,C,W",1
8653,2208,5116,10552.5,0,0,4,48.8,"B,C,W",1
8652,7274,1920,10551.5,0,0,5,31.5,"B,C,W",1
8651,1920,7271,10550.5,0,0,4,45.0,"B,C,W",1
8650,7271,2896,10549.5,0,0,3,61.5,"B,C,W",1
8649,1319,2791,10548.5,0,0,5,44.65,"B,C,W",1
8648,4873,4874,10547.5,0,0,5,34.6,"B,C,W",1
8645,2520,2522,10544.5,0,0,5,39.6,"B,C,W",0
8644,118,2149,10543.5,0,0,5,40.6,"B,C,W",1
8643,2521,119,10542.5,0,0,5,35.45,"B,C,W",0
8642,1600,2936,10541.5,0,0,4,46.1,"B,C,W",0
8641,1562,7273,10540.5,0,0,4,45.4,"B,C,W",1
8639,7273,7272,10538.5,0,0,4,45.1,"B,C,W",1
8638,2140,2025,10537.5,0,0,5,44.8,"B,C,W",1
8637,7265,7269,10536.5,0,0,5,36.7,"B,C,W",0
8636,7268,2975,10535.5,0,0,4,54.0,"B,C,W",0
8635,2521,7270,10534.5,0,0,5,34.5,"B,C,W",0
8634,2149,7271,10533.5,0,0,4,54.2,"B,C,W",1
8633,7270,2522,10532.5,0,0,3,62.2,"B,C,W",1
8632,2149,7270,10531.5,0,0,4,55.8,"B,C,W",1
8631,7269,1206,10530.5,0,0,5,35.0,"B,C,W",0
8630,7265,2757,10529.5,0,0,5,44.2,"B,C,W",0
8629,7265,7267,10528.5,0,0,5,44.7,"B,C,W",0
8628,5116,1219,10527.5,0,0,4,46.3,"B,C,W",1
8627,715,2758,10526.5,0,0,5,30.0,"B,C,W",1
8626,7267,7268,10525.5,0,0,5,44.1,"B,C,W",0
8625,7265,7266,10524.5,0,0,5,34.0,"B,C,W",0
8624,2791,4873,10523.5,0,0,5,44.2,"B,C,W",1
8623,5116,2207,10522.5,0,0,5,35.6,"B,C,W",1
8597,5107,7259,10496.5,0,0,5,39.6,"B,C,W",1
8596,7259,5113,10495.5,0,0,3,56.2,"B,C,W",1
8595,7257,7259,10494.5,0,0,3,61.2,"B,C,W",1
8590,5109,2189,10486.5,0,0,5,34.9,"B,C,W",1
8588,5106,5109,10484.5,0,0,5,37.7,"B,C,W",1
8586,7255,7257,10482.5,0,0,4,48.0,"B,C,W",1
8585,7256,7255,10480.5,0,0,4,45.2,"B,C,W",1
8323,5961,7128,9018.5,0,0,5,31.9,"B,C,W",0
8241,2520,926,8908.5,0,0,5,44.0,"B,C,W",0
8201,4371,7040,8844.5,0,0,4,54.2,"B,C,W",1
8171,7040,7038,980.5,0,0,4,54.0,"B,C,W",1
7270,1280,1446,7780.5,0,1,1,81.9,"B,C,W",1
7269,1188,6014,7779.5,0,1,1,89.1,"B,C,W",1
7203,2561,4573,7707.5,0,1,1,93.2,"B,C,W",1
7201,3808,3807,7705.5,0,0,4,54.0,"B,C,W",1
7200,5957,2852,7704.5,0,0,5,44.4,"B,C,W",1
7199,3812,5188,7703.5,0,0,4,45.5,"B,C,W",1
7198,5193,5189,6481.5,0,0,4,45.4,"B,C,W",0
7063,4135,3831,7558.5,0,0,4,46.9,"B,C,W",1
6898,5733,1108,10160.5,0,0,5,41.9,"B,C,W",1
6879,5188,2853,7351.5,0,0,5,39.1,"B,C,W",1
6825,2454,165,7294.5,0,0,5,39.95,"B,C,W",1
6813,3932,3931,7142.5,0,0,5,41.4,"B,C,W",1
6155,5189,5188,6479.5,0,0,5,40.9,"B,C,W",1
6067,1220,2208,6390.5,0,0,4,46.0,"B,C,W",1
6066,5116,1336,10090.5,0,0,4,53.8,"B,C,W",1
6065,1142,1144,6388.5,0,0,5,41.2,"B,C,W",1
6064,5115,3931,6387.5,0,0,5,44.2,"B,C,W",1
6063,5115,1220,6386.5,0,0,4,48.7,"B,C,W",1
6062,5115,1144,6385.5,0,0,5,44.1,"B,C,W",1
6061,3930,5114,6384.5,0,0,4,46.2,"B,C,W",1
6060,5113,5108,6383.5,0,0,5,40.45,"B,C,W",1
6059,5114,5113,6382.5,0,0,5,44.5,"B,C,W",1
6058,5113,5112,6381.5,0,0,4,46.1,"B,C,W",1
6057,3930,5112,6380.5,0,0,3,55.3,"B,C,W",1
6056,5112,5110,6379.5,0,0,5,34.1,"B,C,W",1
6055,5110,5111,6378.5,0,0,5,35.7,"B,C,W",1
6054,5110,5108,6377.5,0,0,5,43.6,"B,C,W",1
6053,4334,2173,6376.5,0,0,4,45.1,"B,C,W",1
6050,5107,5106,10088.5,0,0,5,38.6,"B,C,W",1
5813,1561,1407,6129.5,0,0,5,42.1,"B,C,W",1
5800,1561,1220,6106.5,0,0,5,34.2,"B,C,W",1
5799,4874,4875,10033.5,0,0,5,42.4,"B,C,W",1
5798,1319,4874,7282.5,0,0,5,39.0,"B,C,W",1
5797,2896,2148,7281.5,0,0,5,44.8,"B,C,W",1
5796,2896,4873,10032.5,0,0,5,44.0,"B,C,W",1
5597,1615,1611,5901.5,0,0,5,42.7,"B,C,W",1
5596,1615,4722,5900.5,0,0,4,46.5,"B,C,W",1
5595,3685,4722,5899.5,0,0,3,61.7,"B,C,W",1
5594,4722,589,5898.5,0,0,3,59.9,"B,C,W",1
5330,4573,4574,5618.5,0,1,1,100.6,"B,C,W",1
5329,4576,4570,5617.5,0,1,1,93.9,"B,C,W",1
5328,4574,4576,5616.5,0,1,1,91.8,"B,C,W",1
5327,4575,4568,5615.5,0,0,2,72.7,"B,C,W",1
5326,4242,4575,5614.5,0,0,2,74.2,"B,C,W",1
5316,4570,2759,5604.5,0,1,1,86.4,"B,C,W",1
5246,54,4521,9994.5,0,0,3,57.2,"B,C,W",0
5207,4475,3801,7706.5,0,0,3,58.1,"B,C,W",0
5192,4450,4371,5475.5,0,0,2,66.2,"B,C,W",1
5039,1665,1019,5314.5,0,0,4,45.2,"B,C,W",1
5038,1019,4334,5313.5,0,0,5,37.9,"B,C,W",1
4982,2264,2479,5249.5,0,0,5,42.4,"B,C,W",0
4981,2263,2479,5248.5,0,0,4,53.7,"B,C,W",1
4979,3286,1506,5246.5,0,0,3,60.4,"B,C,W",1
4948,785,4300,5215.5,0,0,4,45.05,"B,C,W",1
4940,924,1271,5204.5,0,0,3,63.4,"B,C,W",1
4938,1845,1190,5202.5,0,0,3,63.4,"B,C,W",1
4919,4289,1702,5183.5,0,1,1,83.2,"B,C,W",1
4832,4124,4242,5091.5,0,0,2,70.5,"B,C,W",1
4738,4136,4135,9943.5,0,0,4,53.25,"B,C,W",1
4736,3831,3824,4995.5,0,0,4,45.9,"B,C,W",1
4735,4133,3831,9942.5,0,0,4,54.3,"B,C,W",1
4734,3824,4132,4993.5,0,0,4,54.5,"B,C,W",1
4733,3810,4132,4992.5,0,0,4,48.7,"B,C,W",1
4732,4132,4131,4991.5,0,0,4,54.0,"B,C,W",1
4731,3808,3810,4990.5,0,0,3,56.8,"B,C,W",1
4730,4125,4130,4989.5,0,0,2,79.4,"B,C,W",1
4729,4130,3805,4988.5,0,0,2,67.7,"B,C,W",1
4721,4124,4123,4980.5,0,0,3,60.5,"B,C,W",1
4720,4122,3816,4979.5,0,0,4,54.35,"B,C,W",1
4719,4123,4122,4978.5,0,0,3,56.3,"B,C,W",1
4505,3932,2519,4753.5,0,0,4,45.75,"B,C,W",1
4504,3931,3930,7214.5,0,0,4,50.9,"B,C,W",1
4422,3830,3831,4668.5,0,0,3,57.8,"B,C,W",0
4416,3825,3824,4662.5,0,0,2,69.3,"B,C,W",1
4415,3823,3811,4661.5,0,0,3,63.3,"B,C,W",1
4414,3819,3822,9899.5,0,0,4,51.8,"B,C,W",1
4413,3821,3819,9898.5,0,0,4,52.2,"B,C,W",1
4412,3820,3819,9897.5,0,0,4,53.1,"B,C,W",1
4411,3818,3817,9896.5,0,0,4,49.3,"B,C,W",1
4410,3816,3815,9895.5,0,0,5,38.0,"B,C,W",1
4409,3811,3814,9894.5,0,0,4,45.7,"B,C,W",1
4408,3811,3805,4654.5,0,0,4,51.8,"B,C,W",1
4407,3805,3813,4653.5,0,0,4,48.8,"B,C,W",1
4406,3813,2852,4652.5,0,0,4,51.3,"B,C,W",1
4405,3813,3812,4651.5,0,0,5,42.9,"B,C,W",1
4404,3808,3811,4650.5,0,0,5,43.3,"B,C,W",1
4403,3809,3810,7557.5,0,0,3,60.0,"B,C,W",0
4402,3804,3808,4648.5,0,0,4,52.05,"B,C,W",1
4401,3807,3806,4647.5,0,0,4,50.5,"B,C,W",1
4400,2852,3804,4646.5,0,0,4,45.0,"B,C,W",1
4399,3805,3804,4645.5,0,0,4,45.6,"B,C,W",1
4398,3804,3803,4644.5,0,0,3,59.9,"B,C,W",1
4397,2760,2853,4643.5,0,0,4,48.8,"B,C,W",1
4396,3802,2853,4642.5,0,0,4,48.8,"B,C,W",0
4395,3800,3801,9893.5,0,0,3,55.7,"B,C,W",0
4387,2196,1189,4633.5,0,1,1,81.9,"B,C,W",1
4264,3684,654,4499.5,0,1,1,90.6,"B,C,W",1
4180,3613,3614,4413.5,0,0,5,35.4,"B,C,W",0
4064,3269,3548,4287.5,0,0,4,53.45,"B,C,W",1
3981,3001,3403,4200.5,0,0,5,39.9,"B,C,W",1
3596,3287,3286,3795.5,0,0,2,66.6,"B,C,W",1
3548,3212,3236,9829.5,0,0,4,53.3,"B,C,W",0
3342,3003,3002,9817.5,0,0,3,55.5,"B,C,W",1
3341,3002,3001,3522.5,0,0,3,50.1,"B,C,W",1
3340,3000,2417,9816.5,0,0,3,57.1,"B,C,W",1
3302,2197,2198,3483.5,0,1,1,68.4,"B,C,W",1
3299,652,2197,3480.5,0,1,1,66.3,"B,C,W",1
3298,1702,2198,3479.5,0,1,1,80.9,"B,C,W",1
3297,2844,2976,9810.5,0,0,4,54.0,"B,C,W",1
3296,2975,1272,3477.5,0,0,5,36.8,"B,C,W",1
3294,2172,1953,3475.5,0,0,5,40.85,"B,C,W",1
3293,2975,1338,3474.5,0,0,4,45.6,"B,C,W",1
3261,470,2264,3435.5,0,0,3,58.3,"B,C,W",0
3258,1143,759,3432.5,0,0,5,41.85,"B,C,W",1
3179,1952,2936,9801.5,0,0,5,44.4,"B,C,W",1
3178,2188,1665,3343.5,0,0,4,45.55,"B,C,W",1
3159,2759,2927,3315.5,0,1,1,86.6,"B,C,W",1
3158,2927,2762,3314.5,0,1,1,89.3,"B,C,W",1
3157,2926,2762,3313.5,0,1,1,89.6,"B,C,W",0
3097,2897,2896,15040.5,0,0,4,47.8,"B,C,W",1
3071,2118,2515,3216.5,0,0,4,49.2,"B,C,W",1
3059,2146,2504,3203.5,0,0,5,33.8,"B,C,W",1
3058,936,2504,3202.5,0,0,5,32.0,"B,C,W",1
3047,1601,1953,3191.5,0,0,5,36.35,"B,C,W",1
3046,758,1953,3190.5,0,0,5,37.1,"B,C,W",1
3017,2853,2852,3158.5,0,0,4,53.9,"B,C,W",1
2991,2514,2844,3130.5,0,0,5,36.0,"B,C,W",1
2990,2118,2844,3129.5,0,0,4,45.3,"B,C,W",1
2917,2825,1701,3051.5,0,0,4,50.1,"B,C,W",1
2895,2190,1601,3028.5,0,0,5,33.3,"B,C,W",1
2830,2791,2790,9781.5,0,0,5,40.2,"B,C,W",1
2784,2697,2763,2911.5,0,0,5,37.95,"B,C,W",1
2783,120,2697,2910.5,0,0,5,39.45,"B,C,W",1
2782,590,2697,2909.5,0,0,5,44.4,"B,C,W",1
2778,2761,2760,2905.5,0,0,3,57.4,"B,C,W",1
2775,1206,2758,9777.5,0,0,5,32.6,"B,C,W",1
2774,1338,2757,9776.5,0,0,5,42.75,"B,C,W",1
2773,716,2756,2900.5,0,0,5,38.6,"B,C,W",1
2736,2188,1082,2863.5,0,0,4,45.9,"B,C,W",1
2717,2726,2725,9766.5,0,0,4,46.7,"B,C,W",1
2678,1919,120,2801.5,0,0,5,38.3,"B,C,W",1
2677,2383,120,2800.5,0,0,5,44.8,"B,C,W",1
2663,2697,119,2786.5,0,0,5,38.7,"B,C,W",1
2662,2516,119,2785.5,0,0,5,44.0,"B,C,W",1
2641,1803,927,2764.5,0,0,3,64.1,"B,C,W",1
2630,1504,2454,2753.5,0,0,3,56.2,"B,C,W",1
2528,285,1446,2646.5,0,1,1,81.3,"B,C,W",0
2380,2515,1505,2490.5,0,0,3,58.6,"B,C,W",1
2365,1506,1110,2475.5,0,0,5,40.2,"B,C,W",1
2364,2454,1110,2474.5,0,0,5,32.5,"B,C,W",1
2331,2530,1613,2431.5,0,0,5,38.7,"B,C,W",1
2330,2529,1613,2430.5,0,0,5,44.7,"B,C,W",1
2324,2148,2522,9735.5,0,0,5,44.4,"B,C,W",1
2323,2520,2521,9734.5,0,0,5,36.0,"B,C,W",0
2322,2519,926,2422.5,0,0,4,54.0,"B,C,W",1
2312,2515,2514,2412.5,0,0,5,37.1,"B,C,W",1
2311,1763,2514,2411.5,0,0,5,35.1,"B,C,W",1
2290,2504,165,2390.5,0,0,5,34.25,"B,C,W",1
2248,2384,1612,2344.5,0,0,5,43.6,"B,C,W",1
2247,2479,1612,2343.5,0,0,4,50.6,"B,C,W",1
2210,2454,2453,2303.5,0,0,5,44.0,"B,C,W",1
2188,2436,2435,9719.5,0,0,5,34.9,"B,C,W",1
2182,1336,1285,2273.5,0,0,4,45.6,"B,C,W",1
2181,1219,1285,2272.5,0,0,5,38.2,"B,C,W",1
2164,2416,2419,9716.5,0,0,5,30.35,"B,C,W",0
2163,1695,2418,9715.5,0,0,5,34.15,"B,C,W",1
2162,2416,2417,2252.5,0,0,5,39.85,"B,C,W",0
2134,2402,2119,9713.5,0,0,5,44.9,"B,C,W",1
2133,1695,2401,9712.5,0,0,5,33.4,"B,C,W",1
1988,1207,2304,9703.5,0,0,5,30.0,"B,C,W",1
1980,2298,252,9702.5,0,0,4,46.9,"B,C,W",1
1935,2264,1479,2017.5,0,0,5,37.3,"B,C,W",0
1883,2224,2223,9691.5,0,0,5,31.45,"B,C,W",1
1865,2208,1063,7155.5,0,0,4,48.3,"B,C,W",1
1864,2207,1063,9690.5,0,0,5,43.35,"B,C,W",1
1847,654,2196,1925.5,0,1,1,92.0,"B,C,W",1
1841,2190,2188,1919.5,0,0,5,34.6,"B,C,W",1
1840,2189,2188,15936.5,0,0,4,45.4,"B,C,W",1
1814,2173,2172,15935.5,0,0,4,48.5,"B,C,W",1
1808,164,1763,1885.5,0,0,3,59.4,"B,C,W",1
1780,2149,2148,9684.5,0,0,5,44.8,"B,C,W",1
1775,937,2146,1851.5,0,0,5,33.45,"B,C,W",1
1774,1601,2146,1850.5,0,0,5,37.85,"B,C,W",1
1773,923,2146,1849.5,0,0,5,38.5,"B,C,W",1
1765,2140,1337,9683.5,0,0,5,44.7,"B,C,W",1
1764,1062,1337,1840.5,0,0,5,38.2,"B,C,W",1
1744,2119,2118,1820.5,0,0,5,44.4,"B,C,W",1
1731,1338,2111,1807.5,0,0,4,45.4,"B,C,W",1
1641,2025,1062,9676.5,0,0,5,38.0,"B,C,W",1
1640,1356,1062,1714.5,0,0,5,33.5,"B,C,W",1
1555,1953,1952,1628.5,0,0,5,38.9,"B,C,W",1
1522,1918,1920,9662.5,0,0,5,36.45,"B,C,W",0
1521,1918,118,1590.5,0,0,5,39.15,"B,C,W",0
1520,1918,1919,1589.5,0,0,5,38.25,"B,C,W",0
1444,1271,1845,1508.5,0,0,2,69.1,"B,C,W",1
1436,1835,1611,1500.5,0,0,5,43.5,"B,C,W",1
1402,1190,1803,1465.5,0,0,3,64.1,"B,C,W",1
1401,1219,1803,1464.5,0,0,5,43.05,"B,C,W",1
1381,1018,903,1444.5,0,0,5,32.8,"B,C,W",0
1380,1018,916,1443.5,0,0,5,30.4,"B,C,W",0
1345,1763,924,1406.5,0,0,3,58.0,"B,C,W",1
1279,1701,55,1333.5,0,0,4,53.9,"B,C,W",1
1274,1696,1693,1327.5,0,0,5,31.8,"B,C,W",1
1273,1695,1693,1326.5,0,0,5,38.0,"B,C,W",1
1272,1694,1693,1325.5,0,0,5,36.0,"B,C,W",1
1234,251,1665,1287.5,0,0,5,42.5,"B,C,W",1
1180,1614,1615,1231.5,0,0,4,46.2,"B,C,W",0
1165,1600,1601,9632.5,0,0,5,40.9,"B,C,W",0
1164,1598,923,1215.5,0,0,5,39.5,"B,C,W",0
1163,1598,1599,1214.5,0,0,5,44.6,"B,C,W",0
1130,1562,1561,9623.5,0,0,5,30.6,"B,C,W",1
1082,1506,166,1128.5,0,0,3,61.3,"B,C,W",1
1081,1505,1504,1127.5,0,0,3,64.2,"B,C,W",1
949,1356,716,987.5,0,0,5,41.7,"B,C,W",1
942,903,1350,9603.5,0,0,4,48.8,"B,C,W",1
927,1338,1336,964.5,0,0,4,45.8,"B,C,W",1
926,1337,1336,963.5,0,0,5,43.9,"B,C,W",1
909,1063,1319,946.5,0,0,5,41.6,"B,C,W",1
908,785,1319,945.5,0,0,5,41.1,"B,C,W",1
904,1314,1313,9601.5,0,0,4,52.05,"B,C,W",1
884,1285,1190,919.5,0,0,4,46.1,"B,C,W",1
880,1281,1280,915.5,0,1,1,81.2,"B,C,W",1
829,1220,1219,862.5,0,0,5,41.0,"B,C,W",1
818,1207,1206,851.5,0,0,5,30.0,"B,C,W",1
806,1190,1142,839.5,0,0,5,40.8,"B,C,W",1
803,1189,1188,836.5,0,1,1,92.5,"B,C,W",1
768,1144,1143,800.5,0,0,5,38.9,"B,C,W",1
767,1142,759,799.5,0,0,5,38.3,"B,C,W",1
737,1111,1112,9590.5,0,0,4,53.3,"B,C,W",0
736,1110,1109,766.5,0,0,5,30.0,"B,C,W",1
735,1107,1108,765.5,0,0,4,45.6,"B,C,W",0
713,1082,937,738.5,0,0,5,34.0,"B,C,W",1
698,1063,786,723.5,0,0,4,45.1,"B,C,W",1
697,1062,786,722.5,0,0,4,46.6,"B,C,W",1
665,917,1019,690.5,0,0,5,34.05,"B,C,W",0
664,917,1018,689.5,0,0,5,30.0,"B,C,W",0
601,252,936,625.5,0,0,5,36.9,"B,C,W",1
600,937,936,624.5,0,0,5,30.0,"B,C,W",1
593,927,653,617.5,0,0,2,69.9,"B,C,W",1
591,924,923,615.5,0,0,5,41.4,"B,C,W",1
590,165,923,614.5,0,0,5,39.95,"B,C,W",1
585,916,917,609.5,0,0,5,34.1,"B,C,W",0
584,916,251,608.5,0,0,5,37.5,"B,C,W",0
577,904,903,9581.5,0,0,4,48.5,"B,C,W",1
531,834,835,9575.5,0,0,5,39.15,"B,C,W",0
497,786,785,521.5,0,0,4,48.0,"B,C,W",1
478,759,758,501.5,0,0,5,38.95,"B,C,W",1
448,716,715,9572.5,0,0,5,31.2,"B,C,W",1
447,714,713,9571.5,0,0,5,30.0,"B,C,W",1
403,653,652,423.5,0,0,2,65.6,"B,C,W",1
278,450,56,13099.5,0,0,5,42.1,"B,C,W",1
175,287,286,12955.5,0,1,1,81.8,"B,C,W",1
174,284,285,183.5,0,1,1,77.7,"B,C,W",0
154,252,251,162.5,0,0,5,37.4,"B,C,W",1
101,166,164,105.5,0,0,3,60.4,"B,C,W",1
100,165,164,104.5,0,0,5,42.4,"B,C,W",1
72,120,118,75.5,0,0,5,40.9,"B,C,W",1
71,119,118,74.5,0,0,5,32.1,"B,C,W",1
32,54,55,32.5,0,0,4,51.45,"B,C,W",0
