FROMNODENO,TONODENO,ID,FLAG,TJL,FS,TRAFFIC
7670,1944,34448.0,0,2,83.7,"B,C,W"
3932,2763,32040.0,0,5,37.95,"B,C,W"
3003,7498,31970.0,0,3,55.5,"B,C,W"
1696,3002,31968.0,0,5,31.8,"B,C,W"
3003,1696,31966.0,0,5,36.0,"B,C,W"
7275,4298,130.0,0,5,36.7,"B,C,W"
7272,4875,31416.0,0,5,42.4,"B,C,W"
2208,10126,31414.0,0,4,54.0,"B,C,W"
9820,4334,31242.0,0,4,46.1,"B,C,W"
284,286,30298.0,1,1,81.8,"B,C,W"
7039,286,30296.0,0,4,46.7,"B,C,W"
1445,1864,30294.0,0,4,48.6,"B,C,W"
2849,9849,30292.0,0,5,43.5,"B,C,W"
9819,9820,30116.0,0,4,46.1,"B,C,W"
2530,4300,30140.0,0,5,44.7,"B,C,W"
7274,2790,30138.0,0,5,41.5,"B,C,W"
9817,9818,30072.0,0,5,35.7,"B,C,W"
9816,9817,30070.0,0,5,35.7,"B,C,W"
7257,9816,20962.0,0,5,38.6,"B,C,W"
9815,7255,20974.0,0,4,54.5,"B,C,W"
1314,8296,30056.0,0,4,52.6,"B,C,W"
5114,1313,30054.0,0,5,42.6,"B,C,W"
1281,9813,30052.0,1,1,82.8,"B,C,W"
9813,6014,30050.0,1,1,82.8,"B,C,W"
9773,9774,29882.0,0,5,35.0,"B,C,W"
9772,9773,29880.0,0,5,35.0,"B,C,W"
9337,9772,29878.0,0,5,35.0,"B,C,W"
3611,9713,29660.0,0,5,40.8,"B,C,W"
1107,1109,28772.0,0,5,32.9,"B,C,W"
1108,2453,28770.0,0,5,41.0,"B,C,W"
1109,9432,28768.0,0,5,30.0,"B,C,W"
2453,1109,28766.0,0,5,31.3,"B,C,W"
8231,3802,28474.0,0,4,50.4,"B,C,W"
9338,3802,28472.0,0,5,35.0,"B,C,W"
9337,9338,28470.0,0,5,35.0,"B,C,W"
8231,9337,28468.0,0,5,35.0,"B,C,W"
9197,5957,28098.0,0,4,45.9,"B,C,W"
9197,9196,28096.0,0,5,35.0,"B,C,W"
9196,3803,28094.0,0,4,51.2,"B,C,W"
3801,3803,28092.0,0,3,64.1,"B,C,W"
9195,9197,28090.0,0,5,42.0,"B,C,W"
5957,3806,28088.0,0,4,47.25,"B,C,W"
3806,9196,28086.0,0,5,39.3,"B,C,W"
3823,4131,28084.0,0,3,62.8,"B,C,W"
7664,3823,28082.0,3,4,50.1,"B,C,W"
9193,9195,28078.0,0,5,42.0,"B,C,W"
9190,9191,28070.0,0,5,37.3,"B,C,W"
3809,9190,28068.0,0,5,39.9,"B,C,W"
8406,7684,28064.0,0,5,41.5,"B,C,W"
7760,7684,28062.0,0,5,44.0,"B,C,W"
9179,9180,28038.0,0,5,41.4,"B,C,W"
7758,9180,28036.0,0,4,47.0,"B,C,W"
9180,7759,28034.0,0,5,44.85,"B,C,W"
8229,7774,28032.0,0,4,47.2,"B,C,W"
9179,8229,28030.0,0,5,38.7,"B,C,W"
7758,9177,28026.0,0,4,47.0,"B,C,W"
7758,7764,23894.0,0,5,32.1,"B,C,W"
9169,3813,28022.0,0,5,37.3,"B,C,W"
9168,7660,28018.0,0,5,37.0,"B,C,W"
7660,9174,28016.0,0,5,43.9,"B,C,W"
9168,9169,27992.0,0,5,35.8,"B,C,W"
8231,8857,27066.0,0,5,44.2,"B,C,W"
8783,8780,26776.0,0,4,45.3,"B,C,W"
8784,7659,26754.0,0,4,46.3,"B,C,W"
8782,7661,26752.0,0,5,43.3,"B,C,W"
7671,8781,26748.0,0,4,45.3,"B,C,W"
8783,7671,26746.0,0,4,45.3,"B,C,W"
7774,8783,26744.0,0,4,45.1,"B,C,W"
3931,8706,26316.0,0,4,47.8,"B,C,W"
8560,759,26314.0,0,5,35.4,"B,C,W"
8705,1143,26312.0,0,5,38.3,"B,C,W"
8705,5115,26310.0,0,4,48.3,"B,C,W"
5112,8705,26308.0,0,4,45.4,"B,C,W"
8307,8653,19208.0,0,4,54.6,"B,C,W"
1865,3613,26240.0,0,5,41.1,"B,C,W"
8653,7057,23560.0,0,4,53.1,"B,C,W"
2189,5111,25686.0,0,5,40.8,"B,C,W"
5111,8560,25684.0,0,5,41.6,"B,C,W"
8560,2172,25682.0,0,5,38.0,"B,C,W"
1143,5110,25680.0,0,5,35.4,"B,C,W"
1506,1693,25254.0,0,5,38.7,"B,C,W"
2119,2401,25020.0,0,5,38.3,"B,C,W"
4136,8406,24998.0,0,5,39.5,"B,C,W"
4135,7762,23292.0,0,5,37.6,"B,C,W"
7683,8406,23296.0,0,5,37.4,"B,C,W"
7458,7462,22044.0,0,5,39.7,"B,C,W"
2224,7461,22050.0,0,5,31.25,"B,C,W"
7465,2223,22056.0,0,4,54.2,"B,C,W"
7532,7525,22276.0,0,5,31.25,"B,C,W"
2975,2976,24366.0,0,4,48.7,"B,C,W"
2720,834,24322.0,0,5,40.95,"B,C,W"
1112,834,24320.0,0,4,49.15,"B,C,W"
1107,1111,24318.0,0,4,53.8,"B,C,W"
5733,252,24316.0,0,5,43.7,"B,C,W"
2298,1082,24314.0,0,4,46.1,"B,C,W"
904,1108,24312.0,0,4,46.1,"B,C,W"
8307,1350,24310.0,0,4,51.4,"B,C,W"
8232,3800,23914.0,0,4,45.0,"B,C,W"
8231,8232,23912.0,0,5,44.6,"B,C,W"
7666,7665,23910.0,0,5,43.8,"B,C,W"
5837,3809,23906.0,0,3,58.1,"B,C,W"
7773,8229,23896.0,0,4,52.5,"B,C,W"
8050,8049,18326.0,6,3,64.0,"B,C,W"
3287,8050,18324.0,10,3,62.4,"B,C,W"
3236,2435,23786.0,0,4,54.1,"B,C,W"
7057,7038,26068.0,0,4,53.4,"B,C,W"
7762,7773,23340.0,0,4,51.1,"B,C,W"
7762,4133,23338.0,0,4,54.4,"B,C,W"
4133,3819,23336.0,0,4,52.0,"B,C,W"
7760,5838,23334.0,0,5,37.9,"B,C,W"
7764,7755,23312.0,0,5,42.3,"B,C,W"
7760,7764,23310.0,0,5,38.6,"B,C,W"
7759,7761,23306.0,0,5,42.45,"B,C,W"
7761,7762,23304.0,0,5,34.9,"B,C,W"
4136,7761,23302.0,0,5,40.1,"B,C,W"
7759,7760,23298.0,0,5,36.1,"B,C,W"
7757,7758,23294.0,0,5,31.0,"B,C,W"
3816,3814,22896.0,0,4,49.1,"B,C,W"
4129,3814,22892.0,0,4,46.8,"B,C,W"
4131,3822,22890.0,0,4,51.3,"B,C,W"
3821,7669,22888.0,0,4,54.1,"B,C,W"
7669,3816,22886.0,0,4,48.4,"B,C,W"
7672,3815,22884.0,0,5,43.9,"B,C,W"
3820,3817,22882.0,0,4,54.6,"B,C,W"
3818,7662,22880.0,0,4,50.7,"B,C,W"
7662,7672,22878.0,0,4,47.4,"B,C,W"
7659,7672,22876.0,0,5,39.4,"B,C,W"
3817,7671,22874.0,0,4,47.3,"B,C,W"
7671,7663,22872.0,0,4,51.6,"B,C,W"
7663,7661,22870.0,0,4,54.6,"B,C,W"
7661,7659,22868.0,0,4,49.3,"B,C,W"
4125,7670,22866.0,0,2,88.4,"B,C,W"
3815,7668,22864.0,0,5,39.1,"B,C,W"
7662,7668,22862.0,0,5,43.0,"B,C,W"
3818,7667,22860.0,0,5,39.4,"B,C,W"
7667,3821,22858.0,0,5,42.2,"B,C,W"
7668,7669,22856.0,0,5,44.2,"B,C,W"
7669,7666,22854.0,0,5,41.4,"B,C,W"
3821,7664,22852.0,0,4,48.1,"B,C,W"
7668,7667,22850.0,0,5,39.6,"B,C,W"
7667,3820,22848.0,0,5,44.8,"B,C,W"
3814,7666,22846.0,0,4,48.0,"B,C,W"
7665,7664,22844.0,0,5,44.7,"B,C,W"
7664,3822,22842.0,0,4,48.2,"B,C,W"
7663,3818,22840.0,0,5,39.1,"B,C,W"
7661,7662,22838.0,0,4,47.5,"B,C,W"
7659,7660,22836.0,0,4,53.8,"B,C,W"
7534,2726,22340.0,0,5,38.0,"B,C,W"
7523,7534,22338.0,0,5,33.3,"B,C,W"
7522,1701,22330.0,0,5,42.7,"B,C,W"
3403,2725,22328.0,0,4,46.5,"B,C,W"
2726,7519,22326.0,0,4,50.8,"B,C,W"
7519,7532,22324.0,0,4,53.9,"B,C,W"
7532,2825,22322.0,0,4,52.7,"B,C,W"
4521,5947,22320.0,0,3,55.05,"B,C,W"
835,56,22312.0,0,5,40.3,"B,C,W"
7529,7528,22306.0,0,5,30.0,"B,C,W"
7528,835,22304.0,0,5,38.0,"B,C,W"
7527,296,22302.0,0,4,54.1,"B,C,W"
7525,7516,22296.0,0,5,30.0,"B,C,W"
7525,7521,22294.0,0,5,30.0,"B,C,W"
7523,2725,22290.0,0,5,30.0,"B,C,W"
7512,7523,22288.0,0,5,32.35,"B,C,W"
7522,7520,22286.0,0,4,45.8,"B,C,W"
7520,7521,22282.0,0,5,38.0,"B,C,W"
7519,7516,22280.0,0,5,39.0,"B,C,W"
7516,7517,22274.0,0,5,30.0,"B,C,W"
7498,2417,22264.0,0,3,55.0,"B,C,W"
7499,7500,22224.0,0,5,30.85,"B,C,W"
7498,7499,22222.0,0,5,33.4,"B,C,W"
2189,5108,22132.0,0,5,40.8,"B,C,W"
4334,5106,22128.0,0,5,44.3,"B,C,W"
1598,1600,22126.0,0,5,41.25,"B,C,W"
1951,2936,22124.0,0,5,44.2,"B,C,W"
2025,716,22122.0,0,5,34.0,"B,C,W"
2140,2756,22120.0,0,5,39.4,"B,C,W"
2756,2757,22118.0,0,5,44.6,"B,C,W"
7266,2758,22116.0,0,5,32.9,"B,C,W"
2756,7266,22114.0,0,5,34.35,"B,C,W"
1207,715,22112.0,0,5,31.8,"B,C,W"
7460,2418,22110.0,0,5,39.0,"B,C,W"
2436,7460,22108.0,0,4,50.8,"B,C,W"
2402,7472,22106.0,0,5,43.8,"B,C,W"
2416,2418,22104.0,0,5,35.0,"B,C,W"
2419,2435,22102.0,0,5,35.6,"B,C,W"
714,2435,22100.0,0,5,30.0,"B,C,W"
7469,713,22098.0,0,5,32.4,"B,C,W"
7463,7469,22096.0,0,5,30.55,"B,C,W"
1207,7463,22094.0,0,5,30.0,"B,C,W"
2436,7472,22092.0,0,5,41.0,"B,C,W"
7472,2223,22090.0,0,5,31.4,"B,C,W"
2224,7466,22088.0,0,5,33.95,"B,C,W"
7466,7470,22086.0,0,5,34.3,"B,C,W"
7470,1206,22084.0,0,5,34.45,"B,C,W"
7471,2304,22082.0,0,5,35.05,"B,C,W"
7463,7471,22080.0,0,5,33.5,"B,C,W"
2303,2304,22078.0,0,5,38.0,"B,C,W"
7468,7462,22076.0,0,5,32.25,"B,C,W"
7470,7468,22074.0,0,5,32.9,"B,C,W"
2402,7459,22072.0,0,3,63.4,"B,C,W"
7458,7469,22070.0,0,5,41.9,"B,C,W"
7461,7465,22068.0,0,4,53.8,"B,C,W"
7467,7461,22066.0,0,5,41.3,"B,C,W"
7468,7467,22064.0,0,5,39.3,"B,C,W"
7466,7467,22062.0,0,4,46.6,"B,C,W"
7464,7457,22060.0,0,4,50.7,"B,C,W"
7459,7460,22058.0,0,3,55.5,"B,C,W"
7464,7465,24962.0,0,4,48.9,"B,C,W"
714,7464,22054.0,0,4,52.9,"B,C,W"
7462,7463,22052.0,0,5,30.0,"B,C,W"
7461,7457,24964.0,0,5,30.0,"B,C,W"
7460,2419,22048.0,0,4,47.8,"B,C,W"
2401,7459,22046.0,0,3,58.5,"B,C,W"
7457,7458,24966.0,0,4,50.2,"B,C,W"
7457,713,22042.0,0,5,30.0,"B,C,W"
7275,1142,21108.0,0,4,50.6,"B,C,W"
2207,1337,21106.0,0,5,41.6,"B,C,W"
5116,2208,21104.0,0,4,48.8,"B,C,W"
1920,7274,21102.0,0,5,31.5,"B,C,W"
7271,1920,21100.0,0,4,45.0,"B,C,W"
2896,7271,21098.0,0,3,61.5,"B,C,W"
2791,1319,21096.0,0,5,44.65,"B,C,W"
4874,4873,21094.0,0,5,34.6,"B,C,W"
2520,2522,21088.0,0,5,39.6,"B,C,W"
2149,118,21086.0,0,5,40.6,"B,C,W"
2521,119,21084.0,0,5,35.45,"B,C,W"
1600,2936,21082.0,0,4,46.1,"B,C,W"
7273,1562,21080.0,0,4,45.4,"B,C,W"
7272,7273,21076.0,0,4,45.1,"B,C,W"
2025,2140,21074.0,0,5,44.8,"B,C,W"
7265,7269,21072.0,0,5,36.7,"B,C,W"
7268,2975,21070.0,0,4,54.0,"B,C,W"
2521,7270,21068.0,0,5,34.5,"B,C,W"
7271,2149,21066.0,0,4,54.2,"B,C,W"
2522,7270,21064.0,0,3,62.2,"B,C,W"
7270,2149,21062.0,0,4,55.8,"B,C,W"
7269,1206,21060.0,0,5,35.0,"B,C,W"
7265,2757,21058.0,0,5,44.2,"B,C,W"
7265,7267,21056.0,0,5,44.7,"B,C,W"
1219,5116,21054.0,0,4,46.3,"B,C,W"
2758,715,21052.0,0,5,30.0,"B,C,W"
7267,7268,21050.0,0,5,44.1,"B,C,W"
7265,7266,21048.0,0,5,34.0,"B,C,W"
4873,2791,21046.0,0,5,44.2,"B,C,W"
2207,5116,21044.0,0,5,35.6,"B,C,W"
7259,5107,20992.0,0,5,39.6,"B,C,W"
5113,7259,20990.0,0,3,56.2,"B,C,W"
7259,7257,20988.0,0,3,61.2,"B,C,W"
2189,5109,20972.0,0,5,34.9,"B,C,W"
5109,5106,20968.0,0,5,37.7,"B,C,W"
7257,7255,20964.0,0,4,48.0,"B,C,W"
7255,7256,20960.0,0,4,45.2,"B,C,W"
5961,7128,18036.0,0,5,31.9,"B,C,W"
2520,926,17816.0,0,5,44.0,"B,C,W"
7040,4371,17688.0,0,4,54.2,"B,C,W"
7038,7040,1960.0,0,4,54.0,"B,C,W"
1446,1280,15560.0,1,1,81.9,"B,C,W"
6014,1188,15558.0,1,1,89.1,"B,C,W"
4573,2561,15414.0,1,1,93.2,"B,C,W"
3807,3808,15410.0,0,4,54.0,"B,C,W"
2852,5957,15408.0,0,5,44.4,"B,C,W"
5188,3812,15406.0,0,4,45.5,"B,C,W"
5193,5189,12962.0,0,4,45.4,"B,C,W"
3831,4135,15116.0,0,4,46.9,"B,C,W"
1108,5733,20320.0,0,5,41.9,"B,C,W"
2853,5188,14702.0,0,5,39.1,"B,C,W"
165,2454,14588.0,0,5,39.95,"B,C,W"
3931,3932,14284.0,0,5,41.4,"B,C,W"
5188,5189,12958.0,0,5,40.9,"B,C,W"
2208,1220,12780.0,0,4,46.0,"B,C,W"
1336,5116,20180.0,0,4,53.8,"B,C,W"
1144,1142,12776.0,0,5,41.2,"B,C,W"
3931,5115,12774.0,0,5,44.2,"B,C,W"
1220,5115,12772.0,0,4,48.7,"B,C,W"
1144,5115,12770.0,0,5,44.1,"B,C,W"
5114,3930,12768.0,0,4,46.2,"B,C,W"
5108,5113,12766.0,0,5,40.45,"B,C,W"
5113,5114,12764.0,0,5,44.5,"B,C,W"
5112,5113,12762.0,0,4,46.1,"B,C,W"
5112,3930,12760.0,0,3,55.3,"B,C,W"
5110,5112,12758.0,0,5,34.1,"B,C,W"
5111,5110,12756.0,0,5,35.7,"B,C,W"
5108,5110,12754.0,0,5,43.6,"B,C,W"
2173,4334,12752.0,0,4,45.1,"B,C,W"
5106,5107,20176.0,0,5,38.6,"B,C,W"
1407,1561,12258.0,0,5,42.1,"B,C,W"
1220,1561,12212.0,0,5,34.2,"B,C,W"
4875,4874,20066.0,0,5,42.4,"B,C,W"
4874,1319,14564.0,0,5,39.0,"B,C,W"
2148,2896,14562.0,0,5,44.8,"B,C,W"
4873,2896,20064.0,0,5,44.0,"B,C,W"
1611,1615,11802.0,0,5,42.7,"B,C,W"
4722,1615,11800.0,0,4,46.5,"B,C,W"
4722,3685,11798.0,0,3,61.7,"B,C,W"
589,4722,11796.0,0,3,59.9,"B,C,W"
4574,4573,11236.0,1,1,100.6,"B,C,W"
4570,4576,11234.0,1,1,93.9,"B,C,W"
4576,4574,11232.0,1,1,91.8,"B,C,W"
4568,4575,11230.0,0,2,72.7,"B,C,W"
4575,4242,11228.0,0,2,74.2,"B,C,W"
2759,4570,11208.0,1,1,86.4,"B,C,W"
54,4521,19988.0,0,3,57.2,"B,C,W"
4475,3801,15412.0,0,3,58.1,"B,C,W"
4371,4450,10950.0,0,2,66.2,"B,C,W"
1019,1665,10628.0,0,4,45.2,"B,C,W"
4334,1019,10626.0,0,5,37.9,"B,C,W"
2264,2479,10498.0,0,5,42.4,"B,C,W"
2479,2263,10496.0,0,4,53.7,"B,C,W"
1506,3286,10492.0,0,3,60.4,"B,C,W"
4300,785,10430.0,0,4,45.05,"B,C,W"
1271,924,10408.0,0,3,63.4,"B,C,W"
1190,1845,10404.0,0,3,63.4,"B,C,W"
1702,4289,10366.0,1,1,83.2,"B,C,W"
4242,4124,10182.0,0,2,70.5,"B,C,W"
4135,4136,19886.0,0,4,53.25,"B,C,W"
3824,3831,9990.0,0,4,45.9,"B,C,W"
3831,4133,19884.0,0,4,54.3,"B,C,W"
4132,3824,9986.0,0,4,54.5,"B,C,W"
4132,3810,9984.0,0,4,48.7,"B,C,W"
4131,4132,9982.0,0,4,54.0,"B,C,W"
3810,3808,9980.0,0,3,56.8,"B,C,W"
4130,4125,9978.0,0,2,79.4,"B,C,W"
3805,4130,9976.0,0,2,67.7,"B,C,W"
4123,4124,9960.0,0,3,60.5,"B,C,W"
3816,4122,9958.0,0,4,54.35,"B,C,W"
4122,4123,9956.0,0,3,56.3,"B,C,W"
2519,3932,9506.0,0,4,45.75,"B,C,W"
3930,3931,14428.0,0,4,50.9,"B,C,W"
3830,3831,9336.0,0,3,57.8,"B,C,W"
3824,3825,9324.0,0,2,69.3,"B,C,W"
3811,3823,9322.0,0,3,63.3,"B,C,W"
3822,3819,19798.0,0,4,51.8,"B,C,W"
3819,3821,19796.0,0,4,52.2,"B,C,W"
3819,3820,19794.0,0,4,53.1,"B,C,W"
3817,3818,19792.0,0,4,49.3,"B,C,W"
3815,3816,19790.0,0,5,38.0,"B,C,W"
3814,3811,19788.0,0,4,45.7,"B,C,W"
3805,3811,9308.0,0,4,51.8,"B,C,W"
3813,3805,9306.0,0,4,48.8,"B,C,W"
2852,3813,9304.0,0,4,51.3,"B,C,W"
3812,3813,9302.0,0,5,42.9,"B,C,W"
3811,3808,9300.0,0,5,43.3,"B,C,W"
3809,3810,15114.0,0,3,60.0,"B,C,W"
3808,3804,9296.0,0,4,52.05,"B,C,W"
3806,3807,9294.0,0,4,50.5,"B,C,W"
3804,2852,9292.0,0,4,45.0,"B,C,W"
3804,3805,9290.0,0,4,45.6,"B,C,W"
3803,3804,9288.0,0,3,59.9,"B,C,W"
2853,2760,9286.0,0,4,48.8,"B,C,W"
3802,2853,9284.0,0,4,48.8,"B,C,W"
3800,3801,19786.0,0,3,55.7,"B,C,W"
1189,2196,9266.0,1,1,81.9,"B,C,W"
654,3684,8998.0,1,1,90.6,"B,C,W"
3613,3614,8826.0,0,5,35.4,"B,C,W"
3548,3269,8574.0,0,4,53.45,"B,C,W"
3403,3001,8400.0,0,5,39.9,"B,C,W"
3286,3287,7590.0,0,2,66.6,"B,C,W"
3212,3236,19658.0,0,4,53.3,"B,C,W"
3002,3003,19634.0,0,3,55.5,"B,C,W"
3001,3002,7044.0,0,3,50.1,"B,C,W"
2417,3000,19632.0,0,3,57.1,"B,C,W"
2198,2197,6966.0,1,1,68.4,"B,C,W"
2197,652,6960.0,1,1,66.3,"B,C,W"
2198,1702,6958.0,1,1,80.9,"B,C,W"
2976,2844,19620.0,0,4,54.0,"B,C,W"
1272,2975,6954.0,0,5,36.8,"B,C,W"
1953,2172,6950.0,0,5,40.85,"B,C,W"
1338,2975,6948.0,0,4,45.6,"B,C,W"
470,2264,6870.0,0,3,58.3,"B,C,W"
759,1143,6864.0,0,5,41.85,"B,C,W"
2936,1952,19602.0,0,5,44.4,"B,C,W"
1665,2188,6686.0,0,4,45.55,"B,C,W"
2927,2759,6630.0,1,1,86.6,"B,C,W"
2762,2927,6628.0,1,1,89.3,"B,C,W"
2926,2762,6626.0,1,1,89.6,"B,C,W"
2896,2897,30080.0,0,4,47.8,"B,C,W"
2515,2118,6432.0,0,4,49.2,"B,C,W"
2504,2146,6406.0,0,5,33.8,"B,C,W"
2504,936,6404.0,0,5,32.0,"B,C,W"
1953,1601,6382.0,0,5,36.35,"B,C,W"
1953,758,6380.0,0,5,37.1,"B,C,W"
2852,2853,6316.0,0,4,53.9,"B,C,W"
2844,2514,6260.0,0,5,36.0,"B,C,W"
2844,2118,6258.0,0,4,45.3,"B,C,W"
1701,2825,6102.0,0,4,50.1,"B,C,W"
1601,2190,6056.0,0,5,33.3,"B,C,W"
2790,2791,19562.0,0,5,40.2,"B,C,W"
2763,2697,5822.0,0,5,37.95,"B,C,W"
2697,120,5820.0,0,5,39.45,"B,C,W"
2697,590,5818.0,0,5,44.4,"B,C,W"
2760,2761,5810.0,0,3,57.4,"B,C,W"
2758,1206,19554.0,0,5,32.6,"B,C,W"
2757,1338,19552.0,0,5,42.75,"B,C,W"
2756,716,5800.0,0,5,38.6,"B,C,W"
1082,2188,5726.0,0,4,45.9,"B,C,W"
2725,2726,19532.0,0,4,46.7,"B,C,W"
120,1919,5602.0,0,5,38.3,"B,C,W"
120,2383,5600.0,0,5,44.8,"B,C,W"
119,2697,5572.0,0,5,38.7,"B,C,W"
119,2516,5570.0,0,5,44.0,"B,C,W"
927,1803,5528.0,0,3,64.1,"B,C,W"
2454,1504,5506.0,0,3,56.2,"B,C,W"
285,1446,5292.0,1,1,81.3,"B,C,W"
1505,2515,4980.0,0,3,58.6,"B,C,W"
1110,1506,4950.0,0,5,40.2,"B,C,W"
1110,2454,4948.0,0,5,32.5,"B,C,W"
1613,2530,4862.0,0,5,38.7,"B,C,W"
1613,2529,4860.0,0,5,44.7,"B,C,W"
2522,2148,19470.0,0,5,44.4,"B,C,W"
2520,2521,19468.0,0,5,36.0,"B,C,W"
926,2519,4844.0,0,4,54.0,"B,C,W"
2514,2515,4824.0,0,5,37.1,"B,C,W"
2514,1763,4822.0,0,5,35.1,"B,C,W"
165,2504,4780.0,0,5,34.25,"B,C,W"
1612,2384,4688.0,0,5,43.6,"B,C,W"
1612,2479,4686.0,0,4,50.6,"B,C,W"
2453,2454,4606.0,0,5,44.0,"B,C,W"
2435,2436,19438.0,0,5,34.9,"B,C,W"
1285,1336,4546.0,0,4,45.6,"B,C,W"
1285,1219,4544.0,0,5,38.2,"B,C,W"
2416,2419,19432.0,0,5,30.35,"B,C,W"
2418,1695,19430.0,0,5,34.15,"B,C,W"
2416,2417,4504.0,0,5,39.85,"B,C,W"
2119,2402,19426.0,0,5,44.9,"B,C,W"
2401,1695,19424.0,0,5,33.4,"B,C,W"
2304,1207,19406.0,0,5,30.0,"B,C,W"
252,2298,19404.0,0,4,46.9,"B,C,W"
2264,1479,4034.0,0,5,37.3,"B,C,W"
2223,2224,19382.0,0,5,31.45,"B,C,W"
1063,2208,14310.0,0,4,48.3,"B,C,W"
1063,2207,19380.0,0,5,43.35,"B,C,W"
2196,654,3850.0,1,1,92.0,"B,C,W"
2188,2190,3838.0,0,5,34.6,"B,C,W"
2188,2189,31872.0,0,4,45.4,"B,C,W"
2172,2173,31870.0,0,4,48.5,"B,C,W"
1763,164,3770.0,0,3,59.4,"B,C,W"
2148,2149,19368.0,0,5,44.8,"B,C,W"
2146,937,3702.0,0,5,33.45,"B,C,W"
2146,1601,3700.0,0,5,37.85,"B,C,W"
2146,923,3698.0,0,5,38.5,"B,C,W"
1337,2140,19366.0,0,5,44.7,"B,C,W"
1337,1062,3680.0,0,5,38.2,"B,C,W"
2118,2119,3640.0,0,5,44.4,"B,C,W"
2111,1338,3614.0,0,4,45.4,"B,C,W"
1062,2025,19352.0,0,5,38.0,"B,C,W"
1062,1356,3428.0,0,5,33.5,"B,C,W"
1952,1953,3256.0,0,5,38.9,"B,C,W"
1918,1920,19324.0,0,5,36.45,"B,C,W"
1918,118,3180.0,0,5,39.15,"B,C,W"
1918,1919,3178.0,0,5,38.25,"B,C,W"
1845,1271,3016.0,0,2,69.1,"B,C,W"
1611,1835,3000.0,0,5,43.5,"B,C,W"
1803,1190,2930.0,0,3,64.1,"B,C,W"
1803,1219,2928.0,0,5,43.05,"B,C,W"
1018,903,2888.0,0,5,32.8,"B,C,W"
1018,916,2886.0,0,5,30.4,"B,C,W"
924,1763,2812.0,0,3,58.0,"B,C,W"
55,1701,2666.0,0,4,53.9,"B,C,W"
1693,1696,2654.0,0,5,31.8,"B,C,W"
1693,1695,2652.0,0,5,38.0,"B,C,W"
1693,1694,2650.0,0,5,36.0,"B,C,W"
1665,251,2574.0,0,5,42.5,"B,C,W"
1614,1615,2462.0,0,4,46.2,"B,C,W"
1600,1601,19264.0,0,5,40.9,"B,C,W"
1598,923,2430.0,0,5,39.5,"B,C,W"
1598,1599,2428.0,0,5,44.6,"B,C,W"
1561,1562,19246.0,0,5,30.6,"B,C,W"
166,1506,2256.0,0,3,61.3,"B,C,W"
1504,1505,2254.0,0,3,64.2,"B,C,W"
716,1356,1974.0,0,5,41.7,"B,C,W"
1350,903,19206.0,0,4,48.8,"B,C,W"
1336,1338,1928.0,0,4,45.8,"B,C,W"
1336,1337,1926.0,0,5,43.9,"B,C,W"
1319,1063,1892.0,0,5,41.6,"B,C,W"
1319,785,1890.0,0,5,41.1,"B,C,W"
1313,1314,19202.0,0,4,52.05,"B,C,W"
1190,1285,1838.0,0,4,46.1,"B,C,W"
1280,1281,1830.0,1,1,81.2,"B,C,W"
1219,1220,1724.0,0,5,41.0,"B,C,W"
1206,1207,1702.0,0,5,30.0,"B,C,W"
1142,1190,1678.0,0,5,40.8,"B,C,W"
1188,1189,1672.0,1,1,92.5,"B,C,W"
1143,1144,1600.0,0,5,38.9,"B,C,W"
759,1142,1598.0,0,5,38.3,"B,C,W"
1111,1112,19180.0,0,4,53.3,"B,C,W"
1109,1110,1532.0,0,5,30.0,"B,C,W"
1107,1108,1530.0,0,4,45.6,"B,C,W"
937,1082,1476.0,0,5,34.0,"B,C,W"
786,1063,1446.0,0,4,45.1,"B,C,W"
786,1062,1444.0,0,4,46.6,"B,C,W"
917,1019,1380.0,0,5,34.05,"B,C,W"
917,1018,1378.0,0,5,30.0,"B,C,W"
936,252,1250.0,0,5,36.9,"B,C,W"
936,937,1248.0,0,5,30.0,"B,C,W"
653,927,1234.0,0,2,69.9,"B,C,W"
923,924,1230.0,0,5,41.4,"B,C,W"
923,165,1228.0,0,5,39.95,"B,C,W"
916,917,1218.0,0,5,34.1,"B,C,W"
916,251,1216.0,0,5,37.5,"B,C,W"
903,904,19162.0,0,4,48.5,"B,C,W"
834,835,19150.0,0,5,39.15,"B,C,W"
785,786,1042.0,0,4,48.0,"B,C,W"
758,759,1002.0,0,5,38.95,"B,C,W"
715,716,19144.0,0,5,31.2,"B,C,W"
713,714,19142.0,0,5,30.0,"B,C,W"
652,653,846.0,0,2,65.6,"B,C,W"
56,450,26198.0,0,5,42.1,"B,C,W"
286,287,25910.0,1,1,81.8,"B,C,W"
284,285,366.0,1,1,77.7,"B,C,W"
251,252,324.0,0,5,37.4,"B,C,W"
164,166,210.0,0,3,60.4,"B,C,W"
164,165,208.0,0,5,42.4,"B,C,W"
118,120,150.0,0,5,40.9,"B,C,W"
118,119,148.0,0,5,32.1,"B,C,W"
54,55,64.0,0,4,51.45,"B,C,W"
1944,7670,34449.0,0,2,83.7,"B,C,W"
2763,3932,32041.0,0,5,37.95,"B,C,W"
7498,3003,31971.0,0,3,55.5,"B,C,W"
3002,1696,31969.0,0,5,31.8,"B,C,W"
1696,3003,31967.0,0,5,36.0,"B,C,W"
4298,7275,131.0,0,5,36.7,"B,C,W"
4875,7272,31417.0,0,5,42.4,"B,C,W"
10126,2208,31415.0,0,4,54.0,"B,C,W"
4334,9820,31243.0,0,4,46.1,"B,C,W"
286,284,30299.0,1,1,81.8,"B,C,W"
286,7039,30297.0,0,4,46.7,"B,C,W"
1864,1445,30295.0,0,4,48.6,"B,C,W"
9849,2849,30293.0,0,5,43.5,"B,C,W"
9820,9819,30117.0,0,4,46.1,"B,C,W"
4300,2530,30141.0,0,5,44.7,"B,C,W"
2790,7274,30139.0,0,5,41.5,"B,C,W"
9818,9817,30073.0,0,5,35.7,"B,C,W"
9817,9816,30071.0,0,5,35.7,"B,C,W"
9816,7257,20963.0,0,5,38.6,"B,C,W"
7255,9815,20975.0,0,4,54.5,"B,C,W"
8296,1314,30057.0,0,4,52.6,"B,C,W"
1313,5114,30055.0,0,5,42.6,"B,C,W"
9813,1281,30053.0,1,1,82.8,"B,C,W"
6014,9813,30051.0,1,1,82.8,"B,C,W"
9774,9773,29883.0,0,5,35.0,"B,C,W"
9773,9772,29881.0,0,5,35.0,"B,C,W"
9772,9337,29879.0,0,5,35.0,"B,C,W"
9713,3611,29661.0,0,5,40.8,"B,C,W"
1109,1107,28773.0,0,5,32.9,"B,C,W"
2453,1108,28771.0,0,5,41.0,"B,C,W"
9432,1109,28769.0,0,5,30.0,"B,C,W"
1109,2453,28767.0,0,5,31.3,"B,C,W"
3802,8231,28475.0,0,4,50.4,"B,C,W"
3802,9338,28473.0,0,5,35.0,"B,C,W"
9338,9337,28471.0,0,5,35.0,"B,C,W"
9337,8231,28469.0,0,5,35.0,"B,C,W"
5957,9197,28099.0,0,4,45.9,"B,C,W"
9196,9197,28097.0,0,5,35.0,"B,C,W"
3803,9196,28095.0,0,4,51.2,"B,C,W"
3803,3801,28093.0,0,3,64.1,"B,C,W"
9197,9195,28091.0,0,5,42.0,"B,C,W"
3806,5957,28089.0,0,4,47.25,"B,C,W"
9196,3806,28087.0,0,5,39.3,"B,C,W"
4131,3823,28085.0,0,3,62.8,"B,C,W"
3823,7664,28083.0,3,4,50.1,"B,C,W"
9195,9193,28079.0,0,5,42.0,"B,C,W"
9191,9190,28071.0,0,5,37.3,"B,C,W"
9190,3809,28069.0,0,5,39.9,"B,C,W"
7684,8406,28065.0,0,5,41.5,"B,C,W"
7684,7760,28063.0,0,5,44.0,"B,C,W"
9180,9179,28039.0,0,5,41.4,"B,C,W"
9180,7758,28037.0,0,4,47.0,"B,C,W"
7759,9180,28035.0,0,5,44.85,"B,C,W"
7774,8229,28033.0,0,4,47.2,"B,C,W"
8229,9179,28031.0,0,5,38.7,"B,C,W"
9177,7758,28027.0,0,4,47.0,"B,C,W"
7764,7758,23895.0,0,5,32.1,"B,C,W"
3813,9169,28023.0,0,5,37.3,"B,C,W"
7660,9168,28019.0,0,5,37.0,"B,C,W"
9174,7660,28017.0,0,5,43.9,"B,C,W"
9169,9168,27993.0,0,5,35.8,"B,C,W"
8857,8231,27067.0,0,5,44.2,"B,C,W"
8780,8783,26777.0,0,4,45.3,"B,C,W"
7659,8784,26755.0,0,4,46.3,"B,C,W"
7661,8782,26753.0,0,5,43.3,"B,C,W"
8781,7671,26749.0,0,4,45.3,"B,C,W"
7671,8783,26747.0,0,4,45.3,"B,C,W"
8783,7774,26745.0,0,4,45.1,"B,C,W"
8706,3931,26317.0,0,4,47.8,"B,C,W"
759,8560,26315.0,0,5,35.4,"B,C,W"
1143,8705,26313.0,0,5,38.3,"B,C,W"
5115,8705,26311.0,0,4,48.3,"B,C,W"
8705,5112,26309.0,0,4,45.4,"B,C,W"
8653,8307,19209.0,0,4,54.6,"B,C,W"
3613,1865,26241.0,0,5,41.1,"B,C,W"
7057,8653,23561.0,0,4,53.1,"B,C,W"
5111,2189,25687.0,0,5,40.8,"B,C,W"
8560,5111,25685.0,0,5,41.6,"B,C,W"
2172,8560,25683.0,0,5,38.0,"B,C,W"
5110,1143,25681.0,0,5,35.4,"B,C,W"
1693,1506,25255.0,0,5,38.7,"B,C,W"
2401,2119,25021.0,0,5,38.3,"B,C,W"
8406,4136,24999.0,0,5,39.5,"B,C,W"
7762,4135,23293.0,0,5,37.6,"B,C,W"
8406,7683,23297.0,0,5,37.4,"B,C,W"
7462,7458,22045.0,0,5,39.7,"B,C,W"
7461,2224,22051.0,0,5,31.25,"B,C,W"
2223,7465,22057.0,0,4,54.2,"B,C,W"
7525,7532,22277.0,0,5,31.25,"B,C,W"
2976,2975,24367.0,0,4,48.7,"B,C,W"
834,2720,24323.0,0,5,40.95,"B,C,W"
834,1112,24321.0,0,4,49.15,"B,C,W"
1111,1107,24319.0,0,4,53.8,"B,C,W"
252,5733,24317.0,0,5,43.7,"B,C,W"
1082,2298,24315.0,0,4,46.1,"B,C,W"
1108,904,24313.0,0,4,46.1,"B,C,W"
1350,8307,24311.0,0,4,51.4,"B,C,W"
3800,8232,23915.0,0,4,45.0,"B,C,W"
8232,8231,23913.0,0,5,44.6,"B,C,W"
7665,7666,23911.0,0,5,43.8,"B,C,W"
3809,5837,23907.0,0,3,58.1,"B,C,W"
8229,7773,23897.0,0,4,52.5,"B,C,W"
8049,8050,18327.0,6,3,64.0,"B,C,W"
8050,3287,18325.0,10,3,62.4,"B,C,W"
2435,3236,23787.0,0,4,54.1,"B,C,W"
7038,7057,26069.0,0,4,53.4,"B,C,W"
7773,7762,23341.0,0,4,51.1,"B,C,W"
4133,7762,23339.0,0,4,54.4,"B,C,W"
3819,4133,23337.0,0,4,52.0,"B,C,W"
5838,7760,23335.0,0,5,37.9,"B,C,W"
7755,7764,23313.0,0,5,42.3,"B,C,W"
7764,7760,23311.0,0,5,38.6,"B,C,W"
7761,7759,23307.0,0,5,42.45,"B,C,W"
7762,7761,23305.0,0,5,34.9,"B,C,W"
7761,4136,23303.0,0,5,40.1,"B,C,W"
7760,7759,23299.0,0,5,36.1,"B,C,W"
7758,7757,23295.0,0,5,31.0,"B,C,W"
3814,3816,22897.0,0,4,49.1,"B,C,W"
3814,4129,22893.0,0,4,46.8,"B,C,W"
3822,4131,22891.0,0,4,51.3,"B,C,W"
7669,3821,22889.0,0,4,54.1,"B,C,W"
3816,7669,22887.0,0,4,48.4,"B,C,W"
3815,7672,22885.0,0,5,43.9,"B,C,W"
3817,3820,22883.0,0,4,54.6,"B,C,W"
7662,3818,22881.0,0,4,50.7,"B,C,W"
7672,7662,22879.0,0,4,47.4,"B,C,W"
7672,7659,22877.0,0,5,39.4,"B,C,W"
7671,3817,22875.0,0,4,47.3,"B,C,W"
7663,7671,22873.0,0,4,51.6,"B,C,W"
7661,7663,22871.0,0,4,54.6,"B,C,W"
7659,7661,22869.0,0,4,49.3,"B,C,W"
7670,4125,22867.0,0,2,88.4,"B,C,W"
7668,3815,22865.0,0,5,39.1,"B,C,W"
7668,7662,22863.0,0,5,43.0,"B,C,W"
7667,3818,22861.0,0,5,39.4,"B,C,W"
3821,7667,22859.0,0,5,42.2,"B,C,W"
7669,7668,22857.0,0,5,44.2,"B,C,W"
7666,7669,22855.0,0,5,41.4,"B,C,W"
7664,3821,22853.0,0,4,48.1,"B,C,W"
7667,7668,22851.0,0,5,39.6,"B,C,W"
3820,7667,22849.0,0,5,44.8,"B,C,W"
7666,3814,22847.0,0,4,48.0,"B,C,W"
7664,7665,22845.0,0,5,44.7,"B,C,W"
3822,7664,22843.0,0,4,48.2,"B,C,W"
3818,7663,22841.0,0,5,39.1,"B,C,W"
7662,7661,22839.0,0,4,47.5,"B,C,W"
7660,7659,22837.0,0,4,53.8,"B,C,W"
2726,7534,22341.0,0,5,38.0,"B,C,W"
7534,7523,22339.0,0,5,33.3,"B,C,W"
1701,7522,22331.0,0,5,42.7,"B,C,W"
2725,3403,22329.0,0,4,46.5,"B,C,W"
7519,2726,22327.0,0,4,50.8,"B,C,W"
7532,7519,22325.0,0,4,53.9,"B,C,W"
2825,7532,22323.0,0,4,52.7,"B,C,W"
5947,4521,22321.0,0,3,55.05,"B,C,W"
56,835,22313.0,0,5,40.3,"B,C,W"
7528,7529,22307.0,0,5,30.0,"B,C,W"
835,7528,22305.0,0,5,38.0,"B,C,W"
296,7527,22303.0,0,4,54.1,"B,C,W"
7516,7525,22297.0,0,5,30.0,"B,C,W"
7521,7525,22295.0,0,5,30.0,"B,C,W"
2725,7523,22291.0,0,5,30.0,"B,C,W"
7523,7512,22289.0,0,5,32.35,"B,C,W"
7520,7522,22287.0,0,4,45.8,"B,C,W"
7521,7520,22283.0,0,5,38.0,"B,C,W"
7516,7519,22281.0,0,5,39.0,"B,C,W"
7517,7516,22275.0,0,5,30.0,"B,C,W"
2417,7498,22265.0,0,3,55.0,"B,C,W"
7500,7499,22225.0,0,5,30.85,"B,C,W"
7499,7498,22223.0,0,5,33.4,"B,C,W"
5108,2189,22133.0,0,5,40.8,"B,C,W"
5106,4334,22129.0,0,5,44.3,"B,C,W"
1600,1598,22127.0,0,5,41.25,"B,C,W"
2936,1951,22125.0,0,5,44.2,"B,C,W"
716,2025,22123.0,0,5,34.0,"B,C,W"
2756,2140,22121.0,0,5,39.4,"B,C,W"
2757,2756,22119.0,0,5,44.6,"B,C,W"
2758,7266,22117.0,0,5,32.9,"B,C,W"
7266,2756,22115.0,0,5,34.35,"B,C,W"
715,1207,22113.0,0,5,31.8,"B,C,W"
2418,7460,22111.0,0,5,39.0,"B,C,W"
7460,2436,22109.0,0,4,50.8,"B,C,W"
7472,2402,22107.0,0,5,43.8,"B,C,W"
2418,2416,22105.0,0,5,35.0,"B,C,W"
2435,2419,22103.0,0,5,35.6,"B,C,W"
2435,714,22101.0,0,5,30.0,"B,C,W"
713,7469,22099.0,0,5,32.4,"B,C,W"
7469,7463,22097.0,0,5,30.55,"B,C,W"
7463,1207,22095.0,0,5,30.0,"B,C,W"
7472,2436,22093.0,0,5,41.0,"B,C,W"
2223,7472,22091.0,0,5,31.4,"B,C,W"
7466,2224,22089.0,0,5,33.95,"B,C,W"
7470,7466,22087.0,0,5,34.3,"B,C,W"
1206,7470,22085.0,0,5,34.45,"B,C,W"
2304,7471,22083.0,0,5,35.05,"B,C,W"
7471,7463,22081.0,0,5,33.5,"B,C,W"
2304,2303,22079.0,0,5,38.0,"B,C,W"
7462,7468,22077.0,0,5,32.25,"B,C,W"
7468,7470,22075.0,0,5,32.9,"B,C,W"
7459,2402,22073.0,0,3,63.4,"B,C,W"
7469,7458,22071.0,0,5,41.9,"B,C,W"
7465,7461,22069.0,0,4,53.8,"B,C,W"
7461,7467,22067.0,0,5,41.3,"B,C,W"
7467,7468,22065.0,0,5,39.3,"B,C,W"
7467,7466,22063.0,0,4,46.6,"B,C,W"
7457,7464,22061.0,0,4,50.7,"B,C,W"
7460,7459,22059.0,0,3,55.5,"B,C,W"
7465,7464,24963.0,0,4,48.9,"B,C,W"
7464,714,22055.0,0,4,52.9,"B,C,W"
7463,7462,22053.0,0,5,30.0,"B,C,W"
7457,7461,24965.0,0,5,30.0,"B,C,W"
2419,7460,22049.0,0,4,47.8,"B,C,W"
7459,2401,22047.0,0,3,58.5,"B,C,W"
7458,7457,24967.0,0,4,50.2,"B,C,W"
713,7457,22043.0,0,5,30.0,"B,C,W"
1142,7275,21109.0,0,4,50.6,"B,C,W"
1337,2207,21107.0,0,5,41.6,"B,C,W"
2208,5116,21105.0,0,4,48.8,"B,C,W"
7274,1920,21103.0,0,5,31.5,"B,C,W"
1920,7271,21101.0,0,4,45.0,"B,C,W"
7271,2896,21099.0,0,3,61.5,"B,C,W"
1319,2791,21097.0,0,5,44.65,"B,C,W"
4873,4874,21095.0,0,5,34.6,"B,C,W"
2522,2520,21089.0,0,5,39.6,"B,C,W"
118,2149,21087.0,0,5,40.6,"B,C,W"
119,2521,21085.0,0,5,35.45,"B,C,W"
2936,1600,21083.0,0,4,46.1,"B,C,W"
1562,7273,21081.0,0,4,45.4,"B,C,W"
7273,7272,21077.0,0,4,45.1,"B,C,W"
2140,2025,21075.0,0,5,44.8,"B,C,W"
7269,7265,21073.0,0,5,36.7,"B,C,W"
2975,7268,21071.0,0,4,54.0,"B,C,W"
7270,2521,21069.0,0,5,34.5,"B,C,W"
2149,7271,21067.0,0,4,54.2,"B,C,W"
7270,2522,21065.0,0,3,62.2,"B,C,W"
2149,7270,21063.0,0,4,55.8,"B,C,W"
1206,7269,21061.0,0,5,35.0,"B,C,W"
2757,7265,21059.0,0,5,44.2,"B,C,W"
7267,7265,21057.0,0,5,44.7,"B,C,W"
5116,1219,21055.0,0,4,46.3,"B,C,W"
715,2758,21053.0,0,5,30.0,"B,C,W"
7268,7267,21051.0,0,5,44.1,"B,C,W"
7266,7265,21049.0,0,5,34.0,"B,C,W"
2791,4873,21047.0,0,5,44.2,"B,C,W"
5116,2207,21045.0,0,5,35.6,"B,C,W"
5107,7259,20993.0,0,5,39.6,"B,C,W"
7259,5113,20991.0,0,3,56.2,"B,C,W"
7257,7259,20989.0,0,3,61.2,"B,C,W"
5109,2189,20973.0,0,5,34.9,"B,C,W"
5106,5109,20969.0,0,5,37.7,"B,C,W"
7255,7257,20965.0,0,4,48.0,"B,C,W"
7256,7255,20961.0,0,4,45.2,"B,C,W"
7128,5961,18037.0,0,5,31.9,"B,C,W"
926,2520,17817.0,0,5,44.0,"B,C,W"
4371,7040,17689.0,0,4,54.2,"B,C,W"
7040,7038,1961.0,0,4,54.0,"B,C,W"
1280,1446,15561.0,1,1,81.9,"B,C,W"
1188,6014,15559.0,1,1,89.1,"B,C,W"
2561,4573,15415.0,1,1,93.2,"B,C,W"
3808,3807,15411.0,0,4,54.0,"B,C,W"
5957,2852,15409.0,0,5,44.4,"B,C,W"
3812,5188,15407.0,0,4,45.5,"B,C,W"
5189,5193,12963.0,0,4,45.4,"B,C,W"
4135,3831,15117.0,0,4,46.9,"B,C,W"
5733,1108,20321.0,0,5,41.9,"B,C,W"
5188,2853,14703.0,0,5,39.1,"B,C,W"
2454,165,14589.0,0,5,39.95,"B,C,W"
3932,3931,14285.0,0,5,41.4,"B,C,W"
5189,5188,12959.0,0,5,40.9,"B,C,W"
1220,2208,12781.0,0,4,46.0,"B,C,W"
5116,1336,20181.0,0,4,53.8,"B,C,W"
1142,1144,12777.0,0,5,41.2,"B,C,W"
5115,3931,12775.0,0,5,44.2,"B,C,W"
5115,1220,12773.0,0,4,48.7,"B,C,W"
5115,1144,12771.0,0,5,44.1,"B,C,W"
3930,5114,12769.0,0,4,46.2,"B,C,W"
5113,5108,12767.0,0,5,40.45,"B,C,W"
5114,5113,12765.0,0,5,44.5,"B,C,W"
5113,5112,12763.0,0,4,46.1,"B,C,W"
3930,5112,12761.0,0,3,55.3,"B,C,W"
5112,5110,12759.0,0,5,34.1,"B,C,W"
5110,5111,12757.0,0,5,35.7,"B,C,W"
5110,5108,12755.0,0,5,43.6,"B,C,W"
4334,2173,12753.0,0,4,45.1,"B,C,W"
5107,5106,20177.0,0,5,38.6,"B,C,W"
1561,1407,12259.0,0,5,42.1,"B,C,W"
1561,1220,12213.0,0,5,34.2,"B,C,W"
4874,4875,20067.0,0,5,42.4,"B,C,W"
1319,4874,14565.0,0,5,39.0,"B,C,W"
2896,2148,14563.0,0,5,44.8,"B,C,W"
2896,4873,20065.0,0,5,44.0,"B,C,W"
1615,1611,11803.0,0,5,42.7,"B,C,W"
1615,4722,11801.0,0,4,46.5,"B,C,W"
3685,4722,11799.0,0,3,61.7,"B,C,W"
4722,589,11797.0,0,3,59.9,"B,C,W"
4573,4574,11237.0,1,1,100.6,"B,C,W"
4576,4570,11235.0,1,1,93.9,"B,C,W"
4574,4576,11233.0,1,1,91.8,"B,C,W"
4575,4568,11231.0,0,2,72.7,"B,C,W"
4242,4575,11229.0,0,2,74.2,"B,C,W"
4570,2759,11209.0,1,1,86.4,"B,C,W"
4521,54,19989.0,0,3,57.2,"B,C,W"
3801,4475,15413.0,0,3,58.1,"B,C,W"
4450,4371,10951.0,0,2,66.2,"B,C,W"
1665,1019,10629.0,0,4,45.2,"B,C,W"
1019,4334,10627.0,0,5,37.9,"B,C,W"
2479,2264,10499.0,0,5,42.4,"B,C,W"
2263,2479,10497.0,0,4,53.7,"B,C,W"
3286,1506,10493.0,0,3,60.4,"B,C,W"
785,4300,10431.0,0,4,45.05,"B,C,W"
924,1271,10409.0,0,3,63.4,"B,C,W"
1845,1190,10405.0,0,3,63.4,"B,C,W"
4289,1702,10367.0,1,1,83.2,"B,C,W"
4124,4242,10183.0,0,2,70.5,"B,C,W"
4136,4135,19887.0,0,4,53.25,"B,C,W"
3831,3824,9991.0,0,4,45.9,"B,C,W"
4133,3831,19885.0,0,4,54.3,"B,C,W"
3824,4132,9987.0,0,4,54.5,"B,C,W"
3810,4132,9985.0,0,4,48.7,"B,C,W"
4132,4131,9983.0,0,4,54.0,"B,C,W"
3808,3810,9981.0,0,3,56.8,"B,C,W"
4125,4130,9979.0,0,2,79.4,"B,C,W"
4130,3805,9977.0,0,2,67.7,"B,C,W"
4124,4123,9961.0,0,3,60.5,"B,C,W"
4122,3816,9959.0,0,4,54.35,"B,C,W"
4123,4122,9957.0,0,3,56.3,"B,C,W"
3932,2519,9507.0,0,4,45.75,"B,C,W"
3931,3930,14429.0,0,4,50.9,"B,C,W"
3831,3830,9337.0,0,3,57.8,"B,C,W"
3825,3824,9325.0,0,2,69.3,"B,C,W"
3823,3811,9323.0,0,3,63.3,"B,C,W"
3819,3822,19799.0,0,4,51.8,"B,C,W"
3821,3819,19797.0,0,4,52.2,"B,C,W"
3820,3819,19795.0,0,4,53.1,"B,C,W"
3818,3817,19793.0,0,4,49.3,"B,C,W"
3816,3815,19791.0,0,5,38.0,"B,C,W"
3811,3814,19789.0,0,4,45.7,"B,C,W"
3811,3805,9309.0,0,4,51.8,"B,C,W"
3805,3813,9307.0,0,4,48.8,"B,C,W"
3813,2852,9305.0,0,4,51.3,"B,C,W"
3813,3812,9303.0,0,5,42.9,"B,C,W"
3808,3811,9301.0,0,5,43.3,"B,C,W"
3810,3809,15115.0,0,3,60.0,"B,C,W"
3804,3808,9297.0,0,4,52.05,"B,C,W"
3807,3806,9295.0,0,4,50.5,"B,C,W"
2852,3804,9293.0,0,4,45.0,"B,C,W"
3805,3804,9291.0,0,4,45.6,"B,C,W"
3804,3803,9289.0,0,3,59.9,"B,C,W"
2760,2853,9287.0,0,4,48.8,"B,C,W"
2853,3802,9285.0,0,4,48.8,"B,C,W"
3801,3800,19787.0,0,3,55.7,"B,C,W"
2196,1189,9267.0,1,1,81.9,"B,C,W"
3684,654,8999.0,1,1,90.6,"B,C,W"
3614,3613,8827.0,0,5,35.4,"B,C,W"
3269,3548,8575.0,0,4,53.45,"B,C,W"
3001,3403,8401.0,0,5,39.9,"B,C,W"
3287,3286,7591.0,0,2,66.6,"B,C,W"
3236,3212,19659.0,0,4,53.3,"B,C,W"
3003,3002,19635.0,0,3,55.5,"B,C,W"
3002,3001,7045.0,0,3,50.1,"B,C,W"
3000,2417,19633.0,0,3,57.1,"B,C,W"
2197,2198,6967.0,1,1,68.4,"B,C,W"
652,2197,6961.0,1,1,66.3,"B,C,W"
1702,2198,6959.0,1,1,80.9,"B,C,W"
2844,2976,19621.0,0,4,54.0,"B,C,W"
2975,1272,6955.0,0,5,36.8,"B,C,W"
2172,1953,6951.0,0,5,40.85,"B,C,W"
2975,1338,6949.0,0,4,45.6,"B,C,W"
2264,470,6871.0,0,3,58.3,"B,C,W"
1143,759,6865.0,0,5,41.85,"B,C,W"
1952,2936,19603.0,0,5,44.4,"B,C,W"
2188,1665,6687.0,0,4,45.55,"B,C,W"
2759,2927,6631.0,1,1,86.6,"B,C,W"
2927,2762,6629.0,1,1,89.3,"B,C,W"
2762,2926,6627.0,1,1,89.6,"B,C,W"
2897,2896,30081.0,0,4,47.8,"B,C,W"
2118,2515,6433.0,0,4,49.2,"B,C,W"
2146,2504,6407.0,0,5,33.8,"B,C,W"
936,2504,6405.0,0,5,32.0,"B,C,W"
1601,1953,6383.0,0,5,36.35,"B,C,W"
758,1953,6381.0,0,5,37.1,"B,C,W"
2853,2852,6317.0,0,4,53.9,"B,C,W"
2514,2844,6261.0,0,5,36.0,"B,C,W"
2118,2844,6259.0,0,4,45.3,"B,C,W"
2825,1701,6103.0,0,4,50.1,"B,C,W"
2190,1601,6057.0,0,5,33.3,"B,C,W"
2791,2790,19563.0,0,5,40.2,"B,C,W"
2697,2763,5823.0,0,5,37.95,"B,C,W"
120,2697,5821.0,0,5,39.45,"B,C,W"
590,2697,5819.0,0,5,44.4,"B,C,W"
2761,2760,5811.0,0,3,57.4,"B,C,W"
1206,2758,19555.0,0,5,32.6,"B,C,W"
1338,2757,19553.0,0,5,42.75,"B,C,W"
716,2756,5801.0,0,5,38.6,"B,C,W"
2188,1082,5727.0,0,4,45.9,"B,C,W"
2726,2725,19533.0,0,4,46.7,"B,C,W"
1919,120,5603.0,0,5,38.3,"B,C,W"
2383,120,5601.0,0,5,44.8,"B,C,W"
2697,119,5573.0,0,5,38.7,"B,C,W"
2516,119,5571.0,0,5,44.0,"B,C,W"
1803,927,5529.0,0,3,64.1,"B,C,W"
1504,2454,5507.0,0,3,56.2,"B,C,W"
1446,285,5293.0,1,1,81.3,"B,C,W"
2515,1505,4981.0,0,3,58.6,"B,C,W"
1506,1110,4951.0,0,5,40.2,"B,C,W"
2454,1110,4949.0,0,5,32.5,"B,C,W"
2530,1613,4863.0,0,5,38.7,"B,C,W"
2529,1613,4861.0,0,5,44.7,"B,C,W"
2148,2522,19471.0,0,5,44.4,"B,C,W"
2521,2520,19469.0,0,5,36.0,"B,C,W"
2519,926,4845.0,0,4,54.0,"B,C,W"
2515,2514,4825.0,0,5,37.1,"B,C,W"
1763,2514,4823.0,0,5,35.1,"B,C,W"
2504,165,4781.0,0,5,34.25,"B,C,W"
2384,1612,4689.0,0,5,43.6,"B,C,W"
2479,1612,4687.0,0,4,50.6,"B,C,W"
2454,2453,4607.0,0,5,44.0,"B,C,W"
2436,2435,19439.0,0,5,34.9,"B,C,W"
1336,1285,4547.0,0,4,45.6,"B,C,W"
1219,1285,4545.0,0,5,38.2,"B,C,W"
2419,2416,19433.0,0,5,30.35,"B,C,W"
1695,2418,19431.0,0,5,34.15,"B,C,W"
2417,2416,4505.0,0,5,39.85,"B,C,W"
2402,2119,19427.0,0,5,44.9,"B,C,W"
1695,2401,19425.0,0,5,33.4,"B,C,W"
1207,2304,19407.0,0,5,30.0,"B,C,W"
2298,252,19405.0,0,4,46.9,"B,C,W"
1479,2264,4035.0,0,5,37.3,"B,C,W"
2224,2223,19383.0,0,5,31.45,"B,C,W"
2208,1063,14311.0,0,4,48.3,"B,C,W"
2207,1063,19381.0,0,5,43.35,"B,C,W"
654,2196,3851.0,1,1,92.0,"B,C,W"
2190,2188,3839.0,0,5,34.6,"B,C,W"
2189,2188,31873.0,0,4,45.4,"B,C,W"
2173,2172,31871.0,0,4,48.5,"B,C,W"
164,1763,3771.0,0,3,59.4,"B,C,W"
2149,2148,19369.0,0,5,44.8,"B,C,W"
937,2146,3703.0,0,5,33.45,"B,C,W"
1601,2146,3701.0,0,5,37.85,"B,C,W"
923,2146,3699.0,0,5,38.5,"B,C,W"
2140,1337,19367.0,0,5,44.7,"B,C,W"
1062,1337,3681.0,0,5,38.2,"B,C,W"
2119,2118,3641.0,0,5,44.4,"B,C,W"
1338,2111,3615.0,0,4,45.4,"B,C,W"
2025,1062,19353.0,0,5,38.0,"B,C,W"
1356,1062,3429.0,0,5,33.5,"B,C,W"
1953,1952,3257.0,0,5,38.9,"B,C,W"
1920,1918,19325.0,0,5,36.45,"B,C,W"
118,1918,3181.0,0,5,39.15,"B,C,W"
1919,1918,3179.0,0,5,38.25,"B,C,W"
1271,1845,3017.0,0,2,69.1,"B,C,W"
1835,1611,3001.0,0,5,43.5,"B,C,W"
1190,1803,2931.0,0,3,64.1,"B,C,W"
1219,1803,2929.0,0,5,43.05,"B,C,W"
903,1018,2889.0,0,5,32.8,"B,C,W"
916,1018,2887.0,0,5,30.4,"B,C,W"
1763,924,2813.0,0,3,58.0,"B,C,W"
1701,55,2667.0,0,4,53.9,"B,C,W"
1696,1693,2655.0,0,5,31.8,"B,C,W"
1695,1693,2653.0,0,5,38.0,"B,C,W"
1694,1693,2651.0,0,5,36.0,"B,C,W"
251,1665,2575.0,0,5,42.5,"B,C,W"
1615,1614,2463.0,0,4,46.2,"B,C,W"
1601,1600,19265.0,0,5,40.9,"B,C,W"
923,1598,2431.0,0,5,39.5,"B,C,W"
1599,1598,2429.0,0,5,44.6,"B,C,W"
1562,1561,19247.0,0,5,30.6,"B,C,W"
1506,166,2257.0,0,3,61.3,"B,C,W"
1505,1504,2255.0,0,3,64.2,"B,C,W"
1356,716,1975.0,0,5,41.7,"B,C,W"
903,1350,19207.0,0,4,48.8,"B,C,W"
1338,1336,1929.0,0,4,45.8,"B,C,W"
1337,1336,1927.0,0,5,43.9,"B,C,W"
1063,1319,1893.0,0,5,41.6,"B,C,W"
785,1319,1891.0,0,5,41.1,"B,C,W"
1314,1313,19203.0,0,4,52.05,"B,C,W"
1285,1190,1839.0,0,4,46.1,"B,C,W"
1281,1280,1831.0,1,1,81.2,"B,C,W"
1220,1219,1725.0,0,5,41.0,"B,C,W"
1207,1206,1703.0,0,5,30.0,"B,C,W"
1190,1142,1679.0,0,5,40.8,"B,C,W"
1189,1188,1673.0,1,1,92.5,"B,C,W"
1144,1143,1601.0,0,5,38.9,"B,C,W"
1142,759,1599.0,0,5,38.3,"B,C,W"
1112,1111,19181.0,0,4,53.3,"B,C,W"
1110,1109,1533.0,0,5,30.0,"B,C,W"
1108,1107,1531.0,0,4,45.6,"B,C,W"
1082,937,1477.0,0,5,34.0,"B,C,W"
1063,786,1447.0,0,4,45.1,"B,C,W"
1062,786,1445.0,0,4,46.6,"B,C,W"
1019,917,1381.0,0,5,34.05,"B,C,W"
1018,917,1379.0,0,5,30.0,"B,C,W"
252,936,1251.0,0,5,36.9,"B,C,W"
937,936,1249.0,0,5,30.0,"B,C,W"
927,653,1235.0,0,2,69.9,"B,C,W"
924,923,1231.0,0,5,41.4,"B,C,W"
165,923,1229.0,0,5,39.95,"B,C,W"
917,916,1219.0,0,5,34.1,"B,C,W"
251,916,1217.0,0,5,37.5,"B,C,W"
904,903,19163.0,0,4,48.5,"B,C,W"
835,834,19151.0,0,5,39.15,"B,C,W"
786,785,1043.0,0,4,48.0,"B,C,W"
759,758,1003.0,0,5,38.95,"B,C,W"
716,715,19145.0,0,5,31.2,"B,C,W"
714,713,19143.0,0,5,30.0,"B,C,W"
653,652,847.0,0,2,65.6,"B,C,W"
450,56,26199.0,0,5,42.1,"B,C,W"
287,286,25911.0,1,1,81.8,"B,C,W"
285,284,367.0,1,1,77.7,"B,C,W"
252,251,325.0,0,5,37.4,"B,C,W"
166,164,211.0,0,3,60.4,"B,C,W"
165,164,209.0,0,5,42.4,"B,C,W"
120,118,151.0,0,5,40.9,"B,C,W"
119,118,149.0,0,5,32.1,"B,C,W"
55,54,65.0,0,4,51.45,"B,C,W"
10731,7670,34446.0,0,4,49.3,"B,C,W"
10255,10253,31920.0,0,5,40.0,"B,C,W"
10256,10254,31918.0,0,5,38.0,"B,C,W"
10259,10257,31916.0,0,5,35.0,"B,C,W"
10260,10258,31914.0,0,5,36.0,"B,C,W"
10263,10253,31912.0,0,5,35.0,"B,C,W"
10260,10264,31910.0,0,5,43.0,"B,C,W"
10265,10262,31908.0,0,5,43.0,"B,C,W"
10261,10257,31906.0,0,5,40.0,"B,C,W"
10254,10262,31902.0,0,5,38.0,"B,C,W"
10263,10255,31898.0,0,5,37.0,"B,C,W"
10258,10264,31894.0,0,5,38.0,"B,C,W"
10261,10259,31890.0,0,5,40.0,"B,C,W"
10264,2173,31896.0,0,5,40.0,"B,C,W"
10255,10258,31888.0,0,5,40.0,"B,C,W"
2172,10263,31900.0,0,5,40.0,"B,C,W"
10262,2172,31904.0,0,5,40.0,"B,C,W"
10259,10254,31886.0,0,5,39.0,"B,C,W"
2173,10261,31892.0,0,5,36.0,"B,C,W"
2189,10260,31884.0,0,5,44.0,"B,C,W"
10258,10259,31882.0,0,5,41.0,"B,C,W"
10257,2188,31880.0,0,5,35.0,"B,C,W"
2188,10256,31878.0,0,5,40.0,"B,C,W"
10254,10255,31876.0,0,5,39.0,"B,C,W"
10253,2189,31874.0,0,5,40.0,"B,C,W"
7275,1952,2758.0,0,5,32.7,"B,C,W"
758,7275,1004.0,0,5,40.6,"B,C,W"
1280,9819,31246.0,0,5,42.2,"B,C,W"
9820,1280,31244.0,0,5,42.2,"B,C,W"
9800,9807,30096.0,0,5,42.4,"B,C,W"
4300,9800,30094.0,0,5,42.4,"B,C,W"
2790,4300,30092.0,0,5,36.35,"B,C,W"
2896,2790,30090.0,0,5,38.4,"B,C,W"
7274,2896,30088.0,0,5,43.9,"B,C,W"
2530,7274,30086.0,0,5,37.9,"B,C,W"
9806,2530,30084.0,0,5,37.8,"B,C,W"
1314,1281,30048.0,0,5,44.7,"B,C,W"
9813,1313,30046.0,0,5,44.7,"B,C,W"
9799,9800,30002.0,0,5,39.7,"B,C,W"
3614,3611,29662.0,0,4,50.8,"B,C,W"
8652,1350,26244.0,0,4,50.7,"B,C,W"
1350,1864,26246.0,0,4,53.5,"B,C,W"
55,450,2668.0,0,5,41.0,"B,C,W"
450,2825,576.0,0,5,41.0,"B,C,W"
8654,7039,26050.0,0,4,53.1,"B,C,W"
3614,8654,26048.0,0,4,46.2,"B,C,W"
4372,8654,26046.0,0,5,36.8,"B,C,W"
286,8652,26042.0,0,5,38.3,"B,C,W"
8652,8653,26040.0,0,5,38.3,"B,C,W"
7040,1445,26036.0,0,4,48.6,"B,C,W"
1446,7056,26034.0,0,3,56.3,"B,C,W"
4129,4130,22894.0,0,3,59.8,"B,C,W"
5107,5109,22130.0,0,5,37.25,"B,C,W"
7272,1561,21092.0,0,5,32.35,"B,C,W"
1562,2520,21090.0,0,5,30.55,"B,C,W"
2522,7273,21078.0,0,4,48.2,"B,C,W"
7056,7040,25932.0,0,4,48.9,"B,C,W"
7056,7057,20504.0,0,4,54.4,"B,C,W"
7038,7039,17666.0,0,4,46.7,"B,C,W"
1506,1694,14602.0,0,4,49.6,"B,C,W"
1694,2515,14604.0,0,4,52.9,"B,C,W"
1504,164,14606.0,0,4,50.7,"B,C,W"
5706,5705,14610.0,0,4,52.1,"B,C,W"
5705,1504,14612.0,0,3,59.8,"B,C,W"
1505,5706,14608.0,0,3,58.0,"B,C,W"
166,5706,14598.0,0,5,40.0,"B,C,W"
5705,166,14596.0,0,5,44.5,"B,C,W"
164,2515,14594.0,0,4,51.9,"B,C,W"
2515,164,14614.0,0,4,49.0,"B,C,W"
2454,1506,14600.0,0,4,54.1,"B,C,W"
164,2454,14590.0,0,3,55.4,"B,C,W"
2173,5109,20178.0,0,5,35.5,"B,C,W"
5108,5107,12748.0,0,5,40.1,"B,C,W"
927,1407,12214.0,0,4,53.9,"B,C,W"
2384,589,11804.0,0,4,48.6,"B,C,W"
4575,4576,11226.0,0,3,57.1,"B,C,W"
4574,4575,11224.0,0,3,61.6,"B,C,W"
4242,4571,11222.0,0,3,55.4,"B,C,W"
4569,4242,11220.0,0,3,62.2,"B,C,W"
4572,4573,11218.0,0,3,62.1,"B,C,W"
4573,4569,11216.0,0,3,60.2,"B,C,W"
4572,4571,11214.0,0,3,56.2,"B,C,W"
4568,4572,11212.0,0,3,62.6,"B,C,W"
4571,4570,11210.0,0,3,60.4,"B,C,W"
4570,4567,11206.0,0,3,59.5,"B,C,W"
4569,4567,11204.0,0,3,64.4,"B,C,W"
4567,4568,11202.0,0,3,61.3,"B,C,W"
4373,4371,10712.0,0,4,46.05,"B,C,W"
4371,3612,10704.0,0,4,49.2,"B,C,W"
2762,2761,10552.0,0,3,61.5,"B,C,W"
2761,2927,10550.0,0,3,60.5,"B,C,W"
1599,1271,10410.0,0,3,63.3,"B,C,W"
1845,4298,10406.0,0,3,56.6,"B,C,W"
4298,910,10402.0,0,4,48.0,"B,C,W"
4126,4122,10186.0,0,4,54.5,"B,C,W"
4124,4127,10184.0,0,3,59.5,"B,C,W"
4128,4129,19882.0,0,3,58.1,"B,C,W"
4122,4128,9972.0,0,4,53.5,"B,C,W"
4123,4128,9970.0,0,5,44.5,"B,C,W"
4126,4123,9968.0,0,3,62.7,"B,C,W"
4123,4127,9966.0,0,4,54.0,"B,C,W"
4127,4125,9964.0,0,3,58.1,"B,C,W"
4125,4126,9962.0,0,3,58.8,"B,C,W"
3933,927,9518.0,0,3,62.5,"B,C,W"
925,2519,9516.0,0,3,57.6,"B,C,W"
653,925,9514.0,0,3,58.6,"B,C,W"
2519,3933,9512.0,0,3,58.3,"B,C,W"
926,3933,9510.0,0,4,50.1,"B,C,W"
3611,3612,8824.0,0,4,47.8,"B,C,W"
3548,1356,8572.0,0,4,54.6,"B,C,W"
2303,3548,8570.0,0,5,41.2,"B,C,W"
3001,3286,8398.0,0,4,54.7,"B,C,W"
3403,3287,8346.0,0,3,57.4,"B,C,W"
3236,3000,19698.0,0,3,63.1,"B,C,W"
3269,3471,8152.0,0,4,53.2,"B,C,W"
3269,3268,8150.0,0,4,53.1,"B,C,W"
3440,3236,19688.0,0,4,45.5,"B,C,W"
3286,3403,7882.0,0,3,57.2,"B,C,W"
3360,3269,7768.0,0,4,54.9,"B,C,W"
3287,3001,7592.0,0,4,52.2,"B,C,W"
3267,3269,7558.0,0,3,55.8,"B,C,W"
2196,2197,6964.0,0,4,54.8,"B,C,W"
2198,2196,6962.0,0,3,55.0,"B,C,W"
2172,2190,6952.0,0,5,30.0,"B,C,W"
2813,2111,6710.0,0,5,38.2,"B,C,W"
2111,909,6424.0,0,5,38.6,"B,C,W"
909,1845,6422.0,0,4,52.0,"B,C,W"
1701,56,6100.0,0,4,45.7,"B,C,W"
2564,2813,6060.0,0,5,41.6,"B,C,W"
1272,2813,6058.0,0,4,47.0,"B,C,W"
2760,2762,5812.0,0,3,63.0,"B,C,W"
2759,2760,5808.0,0,3,61.3,"B,C,W"
2516,653,5778.0,0,3,56.7,"B,C,W"
2564,1599,5012.0,0,4,52.2,"B,C,W"
1951,2564,5010.0,0,5,43.1,"B,C,W"
1612,1919,4966.0,0,5,44.6,"B,C,W"
1919,1613,4964.0,0,5,39.1,"B,C,W"
926,2516,4832.0,0,4,47.4,"B,C,W"
2383,2384,4400.0,0,4,48.1,"B,C,W"
590,2383,4398.0,0,4,47.4,"B,C,W"
1356,2303,4144.0,0,4,46.8,"B,C,W"
1189,2198,3854.0,0,4,52.5,"B,C,W"
2197,1189,3852.0,0,3,58.1,"B,C,W"
910,1951,3254.0,0,4,53.8,"B,C,W"
654,1702,3248.0,0,3,63.5,"B,C,W"
1864,1865,3068.0,0,4,45.9,"B,C,W"
1702,1188,2670.0,0,3,63.0,"B,C,W"
1613,1611,2460.0,0,5,44.0,"B,C,W"
1611,1612,2458.0,0,5,39.3,"B,C,W"
1445,1446,25912.0,0,3,55.8,"B,C,W"
1407,926,2072.0,0,4,51.5,"B,C,W"
1271,1272,1812.0,0,4,50.9,"B,C,W"
1188,652,1674.0,0,3,63.4,"B,C,W"
925,926,1232.0,0,4,47.5,"B,C,W"
909,910,1208.0,0,5,43.8,"B,C,W"
652,654,848.0,0,3,61.7,"B,C,W"
589,590,764.0,0,4,45.8,"B,C,W"
56,54,66.0,0,5,43.2,"B,C,W"
