time,congestion_from_road,congestion_to_road
2021-10-19 19:00:00,66.0,19988.0
2021-10-19 16:05:00,30138.0,30092.0
2021-10-19 18:55:00,30138.0,30092.0
2021-10-19 16:55:00,3680.0,19352.0
2021-10-19 16:55:00,3680.0,1445.0
2021-10-19 17:00:00,3680.0,3428.0
2021-10-19 17:25:00,3680.0,19352.0
2021-10-19 17:25:00,3680.0,3428.0
2021-10-19 17:25:00,3680.0,1445.0
2021-10-19 17:30:00,3680.0,1445.0
2021-10-19 18:10:00,3680.0,1445.0
2021-10-19 18:45:00,3680.0,19352.0
2021-10-19 18:50:00,3680.0,19352.0
2021-10-19 19:45:00,3680.0,19352.0
2021-10-19 19:45:00,3680.0,3428.0
2021-10-19 19:45:00,3680.0,1445.0
2021-10-19 16:00:00,3681.0,21107.0
2021-10-19 16:10:00,3681.0,1927.0
2021-10-19 17:45:00,3681.0,19366.0
2021-10-19 17:45:00,3681.0,1927.0
2021-10-19 17:50:00,3681.0,21107.0
2021-10-19 17:50:00,3681.0,19366.0
2021-10-19 17:55:00,3681.0,21107.0
2021-10-19 17:55:00,3681.0,19366.0
2021-10-19 18:10:00,3681.0,1927.0
2021-10-19 18:15:00,3681.0,19366.0
2021-10-19 18:20:00,3681.0,19366.0
2021-10-19 18:25:00,3681.0,19366.0
2021-10-19 18:35:00,3681.0,19366.0
2021-10-19 19:00:00,3681.0,1927.0
2021-10-19 17:45:00,14428.0,14284.0
2021-10-19 18:05:00,14428.0,12774.0
2021-10-19 18:40:00,14429.0,12769.0
2021-10-19 16:35:00,28766.0,1532.0
2021-10-19 17:05:00,28766.0,1532.0
2021-10-19 17:00:00,28767.0,4606.0
2021-10-19 16:00:00,28770.0,4606.0
2021-10-19 16:10:00,28770.0,4606.0
2021-10-19 16:15:00,28770.0,28766.0
2021-10-19 16:20:00,28770.0,4606.0
2021-10-19 16:20:00,28770.0,28766.0
2021-10-19 16:30:00,28770.0,4606.0
2021-10-19 17:00:00,28770.0,4606.0
2021-10-19 17:05:00,28770.0,4606.0
2021-10-19 17:10:00,28770.0,4606.0
2021-10-19 17:20:00,28770.0,4606.0
2021-10-19 18:05:00,28770.0,4606.0
2021-10-19 18:40:00,28770.0,4606.0
2021-10-19 18:45:00,28770.0,4606.0
2021-10-19 18:50:00,28770.0,4606.0
2021-10-19 19:20:00,28770.0,4606.0
2021-10-19 19:25:00,28770.0,4606.0
2021-10-19 19:45:00,28770.0,4606.0
2021-10-19 19:45:00,28770.0,28766.0
2021-10-19 16:50:00,28771.0,1531.0
2021-10-19 16:55:00,28771.0,1531.0
2021-10-19 18:05:00,28771.0,24313.0
2021-10-19 16:00:00,28772.0,1532.0
2021-10-19 16:15:00,28772.0,28768.0
2021-10-19 16:20:00,28772.0,28768.0
2021-10-19 16:20:00,28772.0,1532.0
2021-10-19 16:20:00,28772.0,28767.0
2021-10-19 16:25:00,28772.0,28767.0
2021-10-19 16:35:00,28772.0,1532.0
2021-10-19 16:40:00,28772.0,1532.0
2021-10-19 16:45:00,28772.0,28767.0
2021-10-19 17:05:00,28772.0,1532.0
2021-10-19 17:25:00,28772.0,1532.0
2021-10-19 17:45:00,28772.0,28767.0
2021-10-19 18:10:00,28772.0,1532.0
2021-10-19 17:30:00,6258.0,3640.0
2021-10-19 17:35:00,6258.0,3640.0
2021-10-19 17:35:00,6258.0,6433.0
2021-10-19 18:50:00,6258.0,3640.0
2021-10-19 18:50:00,6258.0,6433.0
2021-10-19 19:45:00,6258.0,3640.0
2021-10-19 17:20:00,6261.0,6258.0
2021-10-19 17:25:00,6261.0,6258.0
2021-10-19 17:40:00,6261.0,6258.0
2021-10-19 18:35:00,6261.0,6258.0
2021-10-19 18:40:00,6261.0,6258.0
2021-10-19 19:30:00,6261.0,6258.0
2021-10-19 16:50:00,148.0,5570.0
2021-10-19 16:50:00,148.0,5572.0
2021-10-19 18:30:00,148.0,5572.0
2021-10-19 17:10:00,149.0,3181.0
2021-10-19 18:05:00,149.0,3181.0
2021-10-19 18:15:00,149.0,3181.0
2021-10-19 18:25:00,149.0,21087.0
2021-10-19 18:35:00,149.0,21087.0
2021-10-19 18:40:00,149.0,3181.0
2021-10-19 16:25:00,150.0,5602.0
2021-10-19 16:25:00,150.0,5821.0
2021-10-19 16:30:00,150.0,5602.0
2021-10-19 16:30:00,150.0,5821.0
2021-10-19 16:35:00,150.0,5602.0
2021-10-19 16:50:00,150.0,5602.0
2021-10-19 17:10:00,150.0,5602.0
2021-10-19 18:45:00,150.0,5602.0
2021-10-19 18:45:00,150.0,5821.0
2021-10-19 18:50:00,150.0,5602.0
2021-10-19 19:50:00,150.0,5602.0
2021-10-19 18:10:00,151.0,3181.0
2021-10-19 18:25:00,151.0,21087.0
2021-10-19 18:35:00,151.0,21087.0
2021-10-19 18:40:00,151.0,3181.0
2021-10-19 17:05:00,10404.0,3016.0
2021-10-19 18:05:00,10404.0,3016.0
2021-10-19 18:15:00,10404.0,3016.0
2021-10-19 19:35:00,10404.0,3016.0
2021-10-19 19:00:00,10408.0,1231.0
2021-10-19 19:05:00,10408.0,1231.0
2021-10-19 18:10:00,6317.0,9293.0
2021-10-19 16:10:00,6954.0,6949.0
2021-10-19 16:30:00,6954.0,6949.0
2021-10-19 17:05:00,6954.0,6949.0
2021-10-19 19:00:00,6954.0,24366.0
2021-10-19 19:05:00,6954.0,6949.0
2021-10-19 19:05:00,6954.0,24366.0
2021-10-19 19:15:00,6954.0,6949.0
2021-10-19 16:00:00,10430.0,1042.0
2021-10-19 18:30:00,10430.0,1891.0
2021-10-19 18:00:00,10431.0,30141.0
2021-10-19 18:35:00,10431.0,30141.0
2021-10-19 18:40:00,10431.0,30141.0
2021-10-19 16:00:00,208.0,4780.0
2021-10-19 16:20:00,208.0,1229.0
2021-10-19 18:15:00,208.0,1229.0
2021-10-19 19:15:00,208.0,1229.0
2021-10-19 19:40:00,208.0,1229.0
2021-10-19 17:05:00,8401.0,22328.0
2021-10-19 17:50:00,8401.0,22328.0
2021-10-19 18:35:00,8401.0,22328.0
2021-10-19 17:55:00,210.0,2256.0
2021-10-19 18:20:00,210.0,2256.0
2021-10-19 18:00:00,209.0,3771.0
2021-10-19 18:55:00,209.0,3771.0
2021-10-19 16:05:00,2256.0,4951.0
2021-10-19 18:25:00,2256.0,25254.0
2021-10-19 18:50:00,2256.0,10492.0
2021-10-19 18:55:00,2256.0,10492.0
2021-10-19 19:00:00,2256.0,4951.0
2021-10-19 19:25:00,2256.0,25254.0
2021-10-19 16:45:00,211.0,208.0
2021-10-19 16:45:00,211.0,3771.0
2021-10-19 18:05:00,211.0,208.0
2021-10-19 18:15:00,211.0,3771.0
2021-10-19 18:35:00,211.0,208.0
2021-10-19 17:10:00,14563.0,19471.0
2021-10-19 18:00:00,14563.0,19368.0
2021-10-19 18:00:00,14563.0,19471.0
2021-10-19 18:05:00,14563.0,19368.0
2021-10-19 18:20:00,14563.0,19368.0
2021-10-19 18:25:00,14563.0,19368.0
2021-10-19 18:40:00,14563.0,19368.0
2021-10-19 16:35:00,14564.0,21097.0
2021-10-19 16:40:00,14564.0,21097.0
2021-10-19 18:10:00,14564.0,1892.0
2021-10-19 19:15:00,14564.0,1892.0
2021-10-19 17:50:00,14565.0,20067.0
2021-10-19 18:05:00,6382.0,3701.0
2021-10-19 17:50:00,6383.0,6380.0
2021-10-19 17:55:00,6383.0,6380.0
2021-10-19 18:10:00,6383.0,6380.0
2021-10-19 18:15:00,6383.0,6380.0
2021-10-19 18:40:00,6383.0,6380.0
2021-10-19 17:30:00,14589.0,209.0
2021-10-19 17:30:00,14589.0,4780.0
2021-10-19 17:35:00,14589.0,209.0
2021-10-19 17:55:00,14589.0,209.0
2021-10-19 18:05:00,14589.0,209.0
2021-10-19 18:15:00,14589.0,209.0
2021-10-19 18:15:00,14589.0,1229.0
2021-10-19 18:25:00,14589.0,209.0
2021-10-19 18:35:00,14589.0,209.0
2021-10-19 18:35:00,14589.0,1229.0
2021-10-19 18:45:00,14589.0,209.0
2021-10-19 19:15:00,14589.0,1229.0
2021-10-19 19:30:00,14589.0,209.0
2021-10-19 19:35:00,14589.0,209.0
2021-10-19 17:25:00,14590.0,5506.0
2021-10-19 17:25:00,14590.0,4949.0
2021-10-19 17:25:00,14590.0,4607.0
2021-10-19 17:50:00,14588.0,4949.0
2021-10-19 18:20:00,14588.0,14600.0
2021-10-19 18:55:00,14588.0,5506.0
2021-10-19 18:55:00,14588.0,4949.0
2021-10-19 18:55:00,14588.0,4607.0
2021-10-19 19:10:00,14588.0,5506.0
2021-10-19 17:55:00,6404.0,1250.0
2021-10-19 18:00:00,6404.0,1250.0
2021-10-19 18:15:00,6404.0,1250.0
2021-10-19 18:20:00,6404.0,1250.0
2021-10-19 19:40:00,6404.0,1250.0
2021-10-19 19:45:00,6404.0,1248.0
2021-10-19 19:45:00,6404.0,1250.0
2021-10-19 16:15:00,6405.0,4781.0
2021-10-19 16:35:00,6405.0,4781.0
2021-10-19 16:55:00,6405.0,4781.0
2021-10-19 17:00:00,6405.0,4781.0
2021-10-19 17:30:00,6405.0,4781.0
2021-10-19 17:55:00,6405.0,4781.0
2021-10-19 18:40:00,6405.0,4781.0
2021-10-19 18:50:00,6405.0,4781.0
2021-10-19 19:05:00,6405.0,4781.0
2021-10-19 19:10:00,6405.0,4781.0
2021-10-19 16:20:00,6406.0,3702.0
2021-10-19 16:50:00,6406.0,3698.0
2021-10-19 17:55:00,6406.0,3700.0
2021-10-19 17:55:00,6406.0,3702.0
2021-10-19 18:25:00,6406.0,3702.0
2021-10-19 16:00:00,6407.0,4781.0
2021-10-19 16:55:00,6407.0,6404.0
2021-10-19 16:55:00,6407.0,4781.0
2021-10-19 17:00:00,6407.0,4781.0
2021-10-19 17:40:00,6407.0,6404.0
2021-10-19 18:10:00,6407.0,6404.0
2021-10-19 18:40:00,6407.0,4781.0
2021-10-19 18:45:00,6407.0,4781.0
2021-10-19 18:50:00,6407.0,4781.0
2021-10-19 19:10:00,6407.0,4781.0
2021-10-19 19:15:00,6407.0,6404.0
2021-10-19 16:05:00,14600.0,4951.0
2021-10-19 19:40:00,14606.0,210.0
2021-10-19 16:00:00,6432.0,3640.0
2021-10-19 16:25:00,6432.0,3640.0
2021-10-19 16:30:00,6432.0,3640.0
2021-10-19 16:35:00,6432.0,3640.0
2021-10-19 16:50:00,6432.0,3640.0
2021-10-19 17:30:00,6432.0,3640.0
2021-10-19 17:35:00,6432.0,3640.0
2021-10-19 17:40:00,6432.0,3640.0
2021-10-19 18:15:00,6432.0,3640.0
2021-10-19 18:35:00,6432.0,3640.0
2021-10-19 18:50:00,6432.0,3640.0
2021-10-19 19:05:00,6432.0,3640.0
2021-10-19 19:25:00,6432.0,3640.0
2021-10-19 19:30:00,6432.0,3640.0
2021-10-19 19:45:00,6432.0,3640.0
2021-10-19 19:15:00,6433.0,4825.0
2021-10-19 19:20:00,6433.0,4825.0
2021-10-19 19:25:00,6433.0,4825.0
2021-10-19 17:20:00,4398.0,5601.0
2021-10-19 17:20:00,4400.0,11804.0
2021-10-19 17:25:00,4400.0,11804.0
2021-10-19 17:35:00,4400.0,11804.0
2021-10-19 19:05:00,22857.0,22863.0
2021-10-19 19:30:00,22857.0,22863.0
2021-10-19 16:20:00,22865.0,19790.0
2021-10-19 17:05:00,22865.0,19790.0
2021-10-19 18:30:00,22865.0,22885.0
2021-10-19 19:20:00,22865.0,19790.0
2021-10-19 17:20:00,22868.0,22876.0
2021-10-19 17:35:00,22876.0,22884.0
2021-10-19 17:40:00,22876.0,22884.0
2021-10-19 17:35:00,22878.0,22884.0
2021-10-19 17:50:00,22884.0,19790.0
2021-10-19 19:15:00,22884.0,19790.0
2021-10-19 16:15:00,22886.0,19791.0
2021-10-19 16:40:00,22886.0,9958.0
2021-10-19 16:50:00,22886.0,9958.0
2021-10-19 17:00:00,22886.0,19791.0
2021-10-19 17:05:00,22886.0,19791.0
2021-10-19 17:25:00,22886.0,22896.0
2021-10-19 17:30:00,22886.0,19791.0
2021-10-19 17:35:00,22886.0,19791.0
2021-10-19 17:50:00,22886.0,19791.0
2021-10-19 18:10:00,22886.0,19791.0
2021-10-19 18:25:00,22886.0,19791.0
2021-10-19 19:05:00,22886.0,19791.0
2021-10-19 19:10:00,22886.0,19791.0
2021-10-19 19:40:00,22886.0,19791.0
2021-10-19 19:20:00,22887.0,22857.0
2021-10-19 17:40:00,22888.0,22857.0
2021-10-19 16:20:00,22897.0,19791.0
2021-10-19 16:20:00,22897.0,22887.0
2021-10-19 17:00:00,22897.0,19791.0
2021-10-19 17:15:00,22897.0,22887.0
2021-10-19 17:35:00,22897.0,19791.0
2021-10-19 17:35:00,22897.0,22887.0
2021-10-19 18:15:00,22897.0,22887.0
2021-10-19 18:25:00,22897.0,19791.0
2021-10-19 19:40:00,22897.0,19791.0
2021-10-19 18:05:00,2430.0,1228.0
2021-10-19 18:05:00,2430.0,1230.0
2021-10-19 19:00:00,10626.0,1381.0
2021-10-19 18:40:00,24964.0,22042.0
2021-10-19 19:05:00,24964.0,22042.0
2021-10-19 19:05:00,24965.0,22051.0
2021-10-19 16:30:00,10629.0,10627.0
2021-10-19 17:05:00,10629.0,10627.0
2021-10-19 17:15:00,10629.0,10627.0
2021-10-19 18:35:00,10629.0,10627.0
2021-10-19 18:55:00,10629.0,10627.0
2021-10-19 18:55:00,10629.0,1381.0
2021-10-19 19:20:00,10629.0,10627.0
2021-10-19 19:20:00,10629.0,1381.0
2021-10-19 19:25:00,10629.0,1381.0
2021-10-19 16:55:00,10628.0,6686.0
2021-10-19 16:15:00,4505.0,19432.0
2021-10-19 16:20:00,4505.0,19432.0
2021-10-19 16:25:00,4505.0,22104.0
2021-10-19 16:25:00,4505.0,19432.0
2021-10-19 17:30:00,4505.0,19432.0
2021-10-19 17:35:00,4505.0,22104.0
2021-10-19 16:30:00,2458.0,4688.0
2021-10-19 16:30:00,2458.0,4966.0
2021-10-19 16:45:00,2458.0,4966.0
2021-10-19 17:05:00,2458.0,4688.0
2021-10-19 17:10:00,2458.0,4688.0
2021-10-19 17:20:00,2458.0,4688.0
2021-10-19 17:40:00,2458.0,4686.0
2021-10-19 17:45:00,2458.0,4686.0
2021-10-19 17:40:00,22078.0,19406.0
2021-10-19 19:25:00,22078.0,22083.0
2021-10-19 16:55:00,4544.0,1724.0
2021-10-19 18:25:00,4544.0,2929.0
2021-10-19 19:45:00,4544.0,1724.0
2021-10-19 18:55:00,4546.0,1926.0
2021-10-19 19:10:00,4546.0,1928.0
2021-10-19 16:25:00,12748.0,22130.0
2021-10-19 19:25:00,12753.0,31892.0
2021-10-19 19:30:00,12753.0,31892.0
2021-10-19 19:15:00,12754.0,25681.0
2021-10-19 16:55:00,12763.0,26308.0
2021-10-19 18:20:00,12764.0,12768.0
2021-10-19 18:25:00,12764.0,12768.0
2021-10-19 16:55:00,12773.0,12781.0
2021-10-19 18:30:00,12773.0,12781.0
2021-10-19 16:00:00,12775.0,14284.0
2021-10-19 16:10:00,12775.0,26316.0
2021-10-19 19:10:00,12775.0,14429.0
2021-10-19 17:15:00,20969.0,20973.0
2021-10-19 18:25:00,20969.0,20973.0
2021-10-19 17:20:00,12780.0,12772.0
2021-10-19 17:35:00,12780.0,12212.0
2021-10-19 17:45:00,12780.0,12772.0
2021-10-19 17:30:00,20973.0,31884.0
2021-10-19 17:35:00,20973.0,31884.0
2021-10-19 16:00:00,12781.0,31414.0
2021-10-19 17:00:00,12781.0,14311.0
2021-10-19 17:45:00,12781.0,21105.0
2021-10-19 17:50:00,12781.0,21105.0
2021-10-19 17:50:00,12781.0,14311.0
2021-10-19 18:00:00,12781.0,31414.0
2021-10-19 18:05:00,12781.0,21105.0
2021-10-19 16:10:00,12774.0,26311.0
2021-10-19 16:20:00,12774.0,12771.0
2021-10-19 16:25:00,12774.0,12771.0
2021-10-19 16:40:00,12774.0,12771.0
2021-10-19 16:50:00,12774.0,26311.0
2021-10-19 16:55:00,12774.0,26311.0
2021-10-19 17:10:00,12774.0,26311.0
2021-10-19 17:35:00,12774.0,26311.0
2021-10-19 17:45:00,12774.0,26311.0
2021-10-19 18:15:00,12774.0,12771.0
2021-10-19 19:45:00,12774.0,26311.0
2021-10-19 17:10:00,20989.0,20991.0
2021-10-19 16:15:00,4606.0,4949.0
2021-10-19 16:45:00,4606.0,14589.0
2021-10-19 17:15:00,4606.0,14589.0
2021-10-19 17:25:00,4606.0,5506.0
2021-10-19 17:25:00,4606.0,4949.0
2021-10-19 17:25:00,4606.0,14589.0
2021-10-19 18:20:00,4606.0,14600.0
2021-10-19 18:55:00,4606.0,5506.0
2021-10-19 18:55:00,4606.0,4949.0
2021-10-19 18:55:00,4606.0,14589.0
2021-10-19 19:00:00,4606.0,14589.0
2021-10-19 17:30:00,20991.0,12764.0
2021-10-19 18:35:00,4607.0,28771.0
2021-10-19 16:20:00,31242.0,10626.0
2021-10-19 16:25:00,31242.0,10626.0
2021-10-19 18:00:00,31242.0,10626.0
2021-10-19 18:30:00,31242.0,10626.0
2021-10-19 18:45:00,31242.0,10626.0
2021-10-19 18:50:00,31242.0,10626.0
2021-10-19 19:10:00,31242.0,12753.0
2021-10-19 19:15:00,31242.0,12753.0
2021-10-19 19:50:00,22088.0,22086.0
2021-10-19 16:50:00,6687.0,10629.0
2021-10-19 17:45:00,6687.0,10629.0
2021-10-19 18:45:00,6687.0,10629.0
2021-10-19 17:30:00,21044.0,21104.0
2021-10-19 17:55:00,21046.0,19563.0
2021-10-19 18:35:00,21046.0,19563.0
2021-10-19 16:55:00,21048.0,22116.0
2021-10-19 19:40:00,21048.0,22116.0
2021-10-19 16:20:00,21053.0,19554.0
2021-10-19 16:20:00,21053.0,22117.0
2021-10-19 17:00:00,21053.0,19554.0
2021-10-19 17:20:00,21053.0,19554.0
2021-10-19 17:30:00,21053.0,19554.0
2021-10-19 17:25:00,21054.0,21104.0
2021-10-19 18:05:00,21054.0,21045.0
2021-10-19 18:10:00,21054.0,21104.0
2021-10-19 18:10:00,21054.0,21045.0
2021-10-19 18:35:00,576.0,22323.0
2021-10-19 16:05:00,21060.0,1702.0
2021-10-19 17:10:00,21060.0,22085.0
2021-10-19 16:35:00,21065.0,21078.0
2021-10-19 17:00:00,21065.0,21089.0
2021-10-19 17:40:00,21065.0,21078.0
2021-10-19 18:25:00,21065.0,21089.0
2021-10-19 18:50:00,21065.0,21089.0
2021-10-19 18:50:00,21065.0,21078.0
2021-10-19 19:05:00,21065.0,19470.0
2021-10-19 19:15:00,21065.0,21089.0
2021-10-19 19:20:00,21065.0,21089.0
2021-10-19 16:00:00,21070.0,6949.0
2021-10-19 18:15:00,4687.0,4966.0
2021-10-19 17:05:00,20064.0,14563.0
2021-10-19 17:50:00,20064.0,14563.0
2021-10-19 16:10:00,21077.0,31416.0
2021-10-19 17:35:00,21077.0,21092.0
2021-10-19 18:15:00,21077.0,21092.0
2021-10-19 18:30:00,21077.0,21092.0
2021-10-19 19:10:00,21077.0,21092.0
2021-10-19 16:25:00,4689.0,4966.0
2021-10-19 16:30:00,4689.0,4966.0
2021-10-19 16:45:00,4689.0,4966.0
2021-10-19 16:50:00,4689.0,4966.0
2021-10-19 17:45:00,4689.0,4686.0
2021-10-19 18:15:00,4689.0,4966.0
2021-10-19 19:30:00,4689.0,4966.0
2021-10-19 16:25:00,2652.0,19431.0
2021-10-19 16:55:00,2652.0,19431.0
2021-10-19 17:50:00,2652.0,19431.0
2021-10-19 18:25:00,2652.0,19431.0
2021-10-19 16:00:00,2654.0,31968.0
2021-10-19 16:15:00,2655.0,25255.0
2021-10-19 16:55:00,2655.0,25255.0
2021-10-19 18:00:00,21089.0,17816.0
2021-10-19 19:30:00,21089.0,19468.0
2021-10-19 16:50:00,21085.0,19469.0
2021-10-19 18:20:00,21085.0,19469.0
2021-10-19 18:25:00,21085.0,19469.0
2021-10-19 19:00:00,21085.0,19469.0
2021-10-19 19:05:00,21085.0,21068.0
2021-10-19 19:05:00,21085.0,19469.0
2021-10-19 17:05:00,21090.0,21088.0
2021-10-19 17:10:00,21090.0,21088.0
2021-10-19 17:40:00,21090.0,21088.0
2021-10-19 17:45:00,21090.0,21088.0
2021-10-19 18:00:00,21090.0,17816.0
2021-10-19 18:05:00,21090.0,21088.0
2021-10-19 18:05:00,21090.0,17816.0
2021-10-19 18:10:00,21090.0,21088.0
2021-10-19 18:15:00,21090.0,21088.0
2021-10-19 18:30:00,21090.0,21088.0
2021-10-19 19:00:00,21090.0,21088.0
2021-10-19 19:20:00,21090.0,21088.0
2021-10-19 19:30:00,21090.0,19468.0
2021-10-19 17:00:00,21086.0,150.0
2021-10-19 17:15:00,21086.0,3181.0
2021-10-19 18:00:00,21086.0,150.0
2021-10-19 18:10:00,21086.0,3181.0
2021-10-19 16:25:00,21084.0,149.0
2021-10-19 16:45:00,21084.0,5572.0
2021-10-19 17:10:00,21084.0,5572.0
2021-10-19 17:20:00,21084.0,5570.0
2021-10-19 17:20:00,21084.0,149.0
2021-10-19 17:40:00,21084.0,149.0
2021-10-19 17:50:00,21084.0,5570.0
2021-10-19 18:05:00,21084.0,5572.0
2021-10-19 18:30:00,21084.0,5572.0
2021-10-19 18:00:00,21095.0,20067.0
2021-10-19 18:15:00,21095.0,14564.0
2021-10-19 18:30:00,21095.0,20067.0
2021-10-19 19:15:00,21095.0,20067.0
2021-10-19 17:35:00,21096.0,14565.0
2021-10-19 17:55:00,21096.0,1892.0
2021-10-19 18:10:00,21096.0,1892.0
2021-10-19 18:25:00,21096.0,14565.0
2021-10-19 18:45:00,21096.0,1892.0
2021-10-19 19:15:00,21096.0,1892.0
2021-10-19 16:50:00,21097.0,19563.0
2021-10-19 17:25:00,21100.0,19325.0
2021-10-19 16:50:00,21102.0,30138.0
2021-10-19 16:55:00,21102.0,30138.0
2021-10-19 17:45:00,21102.0,30088.0
2021-10-19 17:50:00,21102.0,30088.0
2021-10-19 17:55:00,21102.0,30088.0
2021-10-19 18:25:00,21102.0,30138.0
2021-10-19 18:30:00,21102.0,30088.0
2021-10-19 18:30:00,21102.0,30138.0
2021-10-19 18:35:00,21102.0,30088.0
2021-10-19 18:40:00,21102.0,30088.0
2021-10-19 18:45:00,21102.0,30138.0
2021-10-19 17:45:00,21103.0,19325.0
2021-10-19 18:35:00,21103.0,19325.0
2021-10-19 16:10:00,21099.0,30090.0
2021-10-19 18:00:00,21105.0,20181.0
2021-10-19 16:25:00,21104.0,12780.0
2021-10-19 17:40:00,21104.0,12780.0
2021-10-19 18:35:00,21104.0,12780.0
2021-10-19 16:45:00,21109.0,130.0
2021-10-19 17:25:00,21109.0,2758.0
2021-10-19 17:30:00,21109.0,2758.0
2021-10-19 18:30:00,21109.0,2758.0
2021-10-19 16:45:00,22106.0,22090.0
2021-10-19 17:00:00,22106.0,22090.0
2021-10-19 17:05:00,22106.0,22090.0
2021-10-19 17:40:00,22106.0,22090.0
2021-10-19 17:55:00,22106.0,22090.0
2021-10-19 18:00:00,22106.0,22090.0
2021-10-19 18:40:00,22106.0,22090.0
2021-10-19 19:30:00,22106.0,22090.0
2021-10-19 19:35:00,22106.0,22090.0
2021-10-19 19:40:00,22106.0,22090.0
2021-10-19 17:00:00,21106.0,1927.0
2021-10-19 17:15:00,21106.0,3680.0
2021-10-19 17:20:00,21106.0,3680.0
2021-10-19 17:20:00,21106.0,1927.0
2021-10-19 17:35:00,21106.0,3680.0
2021-10-19 17:35:00,21106.0,1927.0
2021-10-19 17:40:00,21106.0,1927.0
2021-10-19 17:45:00,21106.0,19366.0
2021-10-19 17:45:00,21106.0,1927.0
2021-10-19 17:55:00,21106.0,19366.0
2021-10-19 18:00:00,21106.0,3680.0
2021-10-19 18:00:00,21106.0,1927.0
2021-10-19 18:05:00,21106.0,3680.0
2021-10-19 18:10:00,21106.0,1927.0
2021-10-19 18:15:00,21106.0,19366.0
2021-10-19 18:20:00,21106.0,19366.0
2021-10-19 18:25:00,21106.0,19366.0
2021-10-19 18:50:00,21106.0,19366.0
2021-10-19 18:55:00,21106.0,19366.0
2021-10-19 18:55:00,21106.0,1927.0
2021-10-19 19:35:00,21106.0,3680.0
2021-10-19 19:40:00,21106.0,1927.0
2021-10-19 17:10:00,21108.0,1599.0
2021-10-19 18:25:00,21108.0,1599.0
2021-10-19 18:25:00,22112.0,19144.0
2021-10-19 19:15:00,22112.0,19144.0
2021-10-19 16:25:00,12752.0,10626.0
2021-10-19 17:30:00,12752.0,10626.0
2021-10-19 18:25:00,12752.0,10626.0
2021-10-19 18:30:00,12752.0,10626.0
2021-10-19 16:30:00,25255.0,2257.0
2021-10-19 18:50:00,25255.0,10492.0
2021-10-19 16:30:00,4780.0,6406.0
2021-10-19 16:45:00,4780.0,6406.0
2021-10-19 16:55:00,4780.0,6404.0
2021-10-19 17:20:00,4780.0,6404.0
2021-10-19 17:20:00,4780.0,6406.0
2021-10-19 17:25:00,4780.0,6406.0
2021-10-19 17:40:00,4780.0,6404.0
2021-10-19 17:40:00,4780.0,6406.0
2021-10-19 17:45:00,4780.0,6406.0
2021-10-19 18:05:00,4780.0,6404.0
2021-10-19 18:05:00,4780.0,6406.0
2021-10-19 18:10:00,4780.0,6404.0
2021-10-19 18:10:00,4780.0,6406.0
2021-10-19 18:30:00,4780.0,6406.0
2021-10-19 19:10:00,4780.0,6406.0
2021-10-19 19:15:00,4780.0,6404.0
2021-10-19 19:15:00,4780.0,6406.0
2021-10-19 19:20:00,4780.0,6404.0
2021-10-19 19:20:00,4780.0,6406.0
2021-10-19 19:25:00,4780.0,6404.0
2021-10-19 19:50:00,4780.0,6406.0
2021-10-19 16:40:00,4781.0,1229.0
2021-10-19 16:45:00,4781.0,209.0
2021-10-19 16:50:00,4781.0,209.0
2021-10-19 18:15:00,4781.0,209.0
2021-10-19 18:15:00,4781.0,1229.0
2021-10-19 18:55:00,4781.0,1229.0
2021-10-19 19:00:00,4781.0,209.0
2021-10-19 19:00:00,4781.0,14588.0
2021-10-19 19:00:00,4781.0,1229.0
2021-10-19 19:15:00,4781.0,1229.0
2021-10-19 19:20:00,4781.0,1229.0
2021-10-19 19:30:00,4781.0,209.0
2021-10-19 19:35:00,4781.0,209.0
2021-10-19 16:40:00,31417.0,21092.0
2021-10-19 17:05:00,31417.0,21092.0
2021-10-19 17:20:00,31417.0,21092.0
2021-10-19 17:35:00,31417.0,21092.0
2021-10-19 18:00:00,31417.0,21092.0
2021-10-19 18:15:00,31417.0,21092.0
2021-10-19 18:30:00,31417.0,21092.0
2021-10-19 19:10:00,31417.0,21092.0
2021-10-19 16:25:00,19142.0,22100.0
2021-10-19 16:50:00,19142.0,22100.0
2021-10-19 17:30:00,19142.0,22100.0
2021-10-19 17:35:00,19142.0,22100.0
2021-10-19 18:35:00,19142.0,22100.0
2021-10-19 16:00:00,19143.0,22043.0
2021-10-19 16:25:00,19143.0,22099.0
2021-10-19 17:20:00,19143.0,22043.0
2021-10-19 18:30:00,19143.0,22099.0
2021-10-19 18:35:00,19143.0,22099.0
2021-10-19 19:00:00,19143.0,22099.0
2021-10-19 19:10:00,19143.0,22043.0
2021-10-19 19:10:00,19143.0,22099.0
2021-10-19 16:00:00,19144.0,5801.0
2021-10-19 16:15:00,19144.0,5801.0
2021-10-19 16:15:00,19144.0,22123.0
2021-10-19 16:30:00,19144.0,22123.0
2021-10-19 16:50:00,19144.0,5801.0
2021-10-19 16:55:00,19144.0,5801.0
2021-10-19 16:55:00,19144.0,22123.0
2021-10-19 17:20:00,19144.0,1974.0
2021-10-19 17:25:00,19144.0,1974.0
2021-10-19 17:35:00,19144.0,5801.0
2021-10-19 17:40:00,19144.0,5801.0
2021-10-19 17:45:00,19144.0,22123.0
2021-10-19 17:50:00,19144.0,5801.0
2021-10-19 17:50:00,19144.0,22123.0
2021-10-19 17:55:00,19144.0,22123.0
2021-10-19 17:55:00,19144.0,1974.0
2021-10-19 18:00:00,19144.0,1974.0
2021-10-19 18:45:00,19144.0,5801.0
2021-10-19 19:20:00,19144.0,22123.0
2021-10-19 19:25:00,19144.0,5801.0
2021-10-19 19:30:00,19144.0,5801.0
2021-10-19 19:35:00,19144.0,22123.0
2021-10-19 18:40:00,19145.0,22113.0
2021-10-19 17:45:00,2758.0,19603.0
2021-10-19 18:40:00,2758.0,19603.0
2021-10-19 16:05:00,19151.0,24321.0
2021-10-19 16:10:00,19151.0,24321.0
2021-10-19 16:15:00,19151.0,24321.0
2021-10-19 17:20:00,19151.0,24321.0
2021-10-19 17:30:00,6864.0,26313.0
2021-10-19 17:35:00,6864.0,26313.0
2021-10-19 19:30:00,6864.0,1600.0
2021-10-19 16:00:00,4822.0,3770.0
2021-10-19 16:35:00,4822.0,2813.0
2021-10-19 18:00:00,4822.0,3770.0
2021-10-19 18:00:00,4822.0,2813.0
2021-10-19 18:10:00,4822.0,2813.0
2021-10-19 18:20:00,4823.0,6261.0
2021-10-19 19:15:00,4823.0,6261.0
2021-10-19 19:20:00,4823.0,6261.0
2021-10-19 17:00:00,4825.0,6261.0
2021-10-19 17:35:00,4825.0,6261.0
2021-10-19 17:50:00,4825.0,6261.0
2021-10-19 18:10:00,4825.0,6261.0
2021-10-19 16:40:00,19163.0,2889.0
2021-10-19 16:50:00,19163.0,2889.0
2021-10-19 16:50:00,19163.0,19207.0
2021-10-19 16:55:00,19163.0,19207.0
2021-10-19 17:05:00,19163.0,2889.0
2021-10-19 17:15:00,19163.0,19207.0
2021-10-19 17:20:00,19163.0,19207.0
2021-10-19 17:35:00,19163.0,19207.0
2021-10-19 18:15:00,19163.0,19207.0
2021-10-19 18:20:00,19163.0,19207.0
2021-10-19 18:35:00,19163.0,2889.0
2021-10-19 18:50:00,19163.0,19207.0
2021-10-19 18:55:00,19163.0,19207.0
2021-10-19 19:00:00,19163.0,19207.0
2021-10-19 19:15:00,19163.0,19207.0
2021-10-19 19:20:00,19163.0,19207.0
2021-10-19 19:45:00,19163.0,19207.0
2021-10-19 19:50:00,19163.0,2889.0
2021-10-19 16:20:00,19181.0,24319.0
2021-10-19 16:25:00,19181.0,24319.0
2021-10-19 17:10:00,19181.0,24319.0
2021-10-19 17:15:00,19181.0,24319.0
2021-10-19 16:15:00,12770.0,26311.0
2021-10-19 16:45:00,12770.0,12773.0
2021-10-19 16:55:00,12770.0,12775.0
2021-10-19 16:55:00,12770.0,26311.0
2021-10-19 17:35:00,12770.0,26311.0
2021-10-19 18:15:00,12770.0,12773.0
2021-10-19 18:20:00,12770.0,12773.0
2021-10-19 18:25:00,12770.0,12775.0
2021-10-19 18:55:00,12770.0,12775.0
2021-10-19 19:00:00,12770.0,12775.0
2021-10-19 19:40:00,12770.0,12775.0
2021-10-19 16:15:00,2812.0,4823.0
2021-10-19 18:10:00,2812.0,4823.0
2021-10-19 19:05:00,2812.0,4823.0
2021-10-19 17:20:00,4863.0,2460.0
2021-10-19 18:15:00,4863.0,4860.0
2021-10-19 17:20:00,4861.0,2460.0
2021-10-19 16:50:00,2813.0,10409.0
2021-10-19 18:15:00,2813.0,10409.0
2021-10-19 17:00:00,23298.0,23310.0
2021-10-19 17:35:00,12772.0,26311.0
2021-10-19 18:30:00,12772.0,12775.0
2021-10-19 18:35:00,12772.0,12775.0
2021-10-19 17:10:00,19206.0,2889.0
2021-10-19 17:10:00,19206.0,19162.0
2021-10-19 18:35:00,19206.0,2889.0
2021-10-19 19:50:00,19206.0,2889.0
2021-10-19 17:30:00,23310.0,23312.0
2021-10-19 16:10:00,23311.0,28062.0
2021-10-19 16:50:00,23311.0,28062.0
2021-10-19 18:00:00,23311.0,28062.0
2021-10-19 19:30:00,23311.0,23299.0
2021-10-19 18:25:00,15117.0,9337.0
2021-10-19 18:30:00,15117.0,9337.0
2021-10-19 17:55:00,12776.0,1599.0
2021-10-19 18:20:00,12776.0,1599.0
2021-10-19 16:00:00,1379.0,1219.0
2021-10-19 18:15:00,1380.0,10627.0
2021-10-19 16:15:00,6949.0,3615.0
2021-10-19 16:40:00,6949.0,1929.0
2021-10-19 17:45:00,6949.0,19553.0
2021-10-19 17:45:00,6949.0,3615.0
2021-10-19 17:50:00,6949.0,3615.0
2021-10-19 17:50:00,6951.0,6380.0
2021-10-19 17:50:00,6951.0,6382.0
2021-10-19 17:55:00,6951.0,6380.0
2021-10-19 17:55:00,6951.0,6382.0
2021-10-19 18:10:00,6951.0,6380.0
2021-10-19 18:10:00,6951.0,6382.0
2021-10-19 18:15:00,6951.0,6380.0
2021-10-19 18:40:00,6951.0,6380.0
2021-10-19 18:45:00,6951.0,6380.0
2021-10-19 19:25:00,23336.0,19796.0
2021-10-19 18:00:00,19247.0,12213.0
2021-10-19 18:05:00,6955.0,6058.0
2021-10-19 19:35:00,6955.0,6058.0
2021-10-19 19:45:00,6955.0,6058.0
2021-10-19 17:45:00,6959.0,6962.0
2021-10-19 17:50:00,6959.0,6962.0
2021-10-19 17:55:00,6959.0,6962.0
2021-10-19 17:55:00,6959.0,6966.0
2021-10-19 16:55:00,6966.0,6960.0
2021-10-19 17:00:00,6966.0,6960.0
2021-10-19 17:50:00,6966.0,6960.0
2021-10-19 18:00:00,6966.0,6960.0
2021-10-19 19:35:00,6966.0,6960.0
2021-10-19 18:00:00,6962.0,9267.0
2021-10-19 18:05:00,6962.0,9267.0
2021-10-19 18:15:00,6962.0,6964.0
2021-10-19 17:45:00,19264.0,6383.0
2021-10-19 18:05:00,19264.0,3701.0
2021-10-19 16:10:00,2886.0,1216.0
2021-10-19 16:20:00,2886.0,1218.0
2021-10-19 18:40:00,2886.0,1216.0
2021-10-19 18:45:00,2886.0,1218.0
2021-10-19 19:05:00,2886.0,1216.0
2021-10-19 19:10:00,2886.0,1216.0
2021-10-19 17:10:00,2888.0,19162.0
2021-10-19 17:10:00,2888.0,19207.0
2021-10-19 17:15:00,2889.0,2886.0
2021-10-19 18:25:00,2889.0,2886.0
2021-10-19 16:00:00,4948.0,14600.0
2021-10-19 16:20:00,4948.0,4607.0
2021-10-19 16:25:00,4948.0,4607.0
2021-10-19 16:45:00,4948.0,14589.0
2021-10-19 16:45:00,4948.0,4607.0
2021-10-19 17:00:00,4948.0,14589.0
2021-10-19 17:15:00,4948.0,14589.0
2021-10-19 17:15:00,4948.0,4607.0
2021-10-19 17:25:00,4948.0,5506.0
2021-10-19 17:25:00,4948.0,14589.0
2021-10-19 17:25:00,4948.0,4607.0
2021-10-19 18:05:00,4948.0,5506.0
2021-10-19 18:10:00,4948.0,5506.0
2021-10-19 18:15:00,4948.0,14600.0
2021-10-19 18:30:00,4948.0,5506.0
2021-10-19 18:30:00,4948.0,14589.0
2021-10-19 18:50:00,4948.0,5506.0
2021-10-19 18:55:00,4948.0,5506.0
2021-10-19 18:55:00,4948.0,14589.0
2021-10-19 18:55:00,4948.0,4607.0
2021-10-19 19:00:00,4948.0,14589.0
2021-10-19 19:00:00,4948.0,4607.0
2021-10-19 19:05:00,4948.0,14589.0
2021-10-19 19:05:00,4948.0,4607.0
2021-10-19 19:20:00,4948.0,5506.0
2021-10-19 19:20:00,4948.0,14589.0
2021-10-19 19:25:00,4948.0,14589.0
2021-10-19 16:40:00,4949.0,1533.0
2021-10-19 16:50:00,4949.0,1533.0
2021-10-19 17:00:00,4949.0,1533.0
2021-10-19 16:35:00,4950.0,25254.0
2021-10-19 17:05:00,4950.0,25254.0
2021-10-19 17:50:00,4950.0,2257.0
2021-10-19 19:25:00,4950.0,25254.0
2021-10-19 19:30:00,4950.0,25254.0
2021-10-19 19:45:00,4950.0,14602.0
2021-10-19 19:50:00,4950.0,14602.0
2021-10-19 16:10:00,4951.0,4948.0
2021-10-19 16:30:00,4951.0,4948.0
2021-10-19 16:30:00,4951.0,1533.0
2021-10-19 16:35:00,4951.0,4948.0
2021-10-19 16:40:00,4951.0,1533.0
2021-10-19 16:55:00,4951.0,4948.0
2021-10-19 17:00:00,4951.0,1533.0
2021-10-19 17:10:00,4951.0,4948.0
2021-10-19 17:20:00,4951.0,4948.0
2021-10-19 17:20:00,4951.0,1533.0
2021-10-19 17:55:00,4951.0,4948.0
2021-10-19 18:00:00,4951.0,4948.0
2021-10-19 18:20:00,4951.0,4948.0
2021-10-19 18:35:00,4951.0,4948.0
2021-10-19 18:40:00,4951.0,4948.0
2021-10-19 19:10:00,4951.0,4948.0
2021-10-19 19:15:00,4951.0,4948.0
2021-10-19 17:50:00,4964.0,4862.0
2021-10-19 17:55:00,4964.0,4862.0
2021-10-19 18:10:00,4964.0,4860.0
2021-10-19 18:20:00,4964.0,4862.0
2021-10-19 18:30:00,4964.0,4862.0
2021-10-19 19:05:00,4964.0,4862.0
2021-10-19 17:10:00,4966.0,3179.0
2021-10-19 17:15:00,4966.0,3179.0
2021-10-19 17:15:00,4966.0,4964.0
2021-10-19 17:20:00,4966.0,3179.0
2021-10-19 17:20:00,4966.0,4964.0
2021-10-19 17:35:00,4966.0,4964.0
2021-10-19 17:40:00,4966.0,4964.0
2021-10-19 17:45:00,4966.0,4964.0
2021-10-19 18:20:00,6710.0,6424.0
2021-10-19 16:40:00,2928.0,4545.0
2021-10-19 16:45:00,2930.0,10404.0
2021-10-19 16:50:00,2930.0,10404.0
2021-10-19 19:10:00,2930.0,1679.0
2021-10-19 19:15:00,2930.0,1679.0
2021-10-19 19:35:00,2930.0,1679.0
2021-10-19 19:40:00,2930.0,1679.0
2021-10-19 17:35:00,19325.0,3178.0
2021-10-19 18:20:00,19325.0,3178.0
2021-10-19 18:25:00,19325.0,3178.0
2021-10-19 18:30:00,19325.0,3178.0
2021-10-19 19:05:00,19325.0,3178.0
2021-10-19 19:15:00,19325.0,3178.0
2021-10-19 16:15:00,7045.0,8401.0
2021-10-19 16:20:00,7045.0,8401.0
2021-10-19 16:25:00,7045.0,8401.0
2021-10-19 16:40:00,7045.0,8401.0
2021-10-19 16:55:00,7045.0,8401.0
2021-10-19 17:10:00,7045.0,8401.0
2021-10-19 17:15:00,7045.0,8401.0
2021-10-19 17:20:00,7045.0,8401.0
2021-10-19 17:40:00,7045.0,8401.0
2021-10-19 17:55:00,7045.0,8401.0
2021-10-19 18:15:00,7045.0,8401.0
2021-10-19 16:00:00,19352.0,22122.0
2021-10-19 17:15:00,19352.0,22122.0
2021-10-19 18:05:00,19352.0,22122.0
2021-10-19 16:00:00,19353.0,1445.0
2021-10-19 16:05:00,19353.0,1445.0
2021-10-19 16:45:00,19353.0,1445.0
2021-10-19 16:55:00,19353.0,1445.0
2021-10-19 17:00:00,19353.0,3428.0
2021-10-19 17:05:00,19353.0,3681.0
2021-10-19 17:20:00,19353.0,1445.0
2021-10-19 17:25:00,19353.0,3428.0
2021-10-19 17:25:00,19353.0,1445.0
2021-10-19 17:30:00,19353.0,1445.0
2021-10-19 17:35:00,19353.0,3681.0
2021-10-19 17:40:00,19353.0,3681.0
2021-10-19 17:55:00,19353.0,3428.0
2021-10-19 17:55:00,19353.0,1445.0
2021-10-19 18:00:00,19353.0,3681.0
2021-10-19 18:00:00,19353.0,3428.0
2021-10-19 18:00:00,19353.0,1445.0
2021-10-19 18:10:00,19353.0,1445.0
2021-10-19 18:55:00,19353.0,1445.0
2021-10-19 19:00:00,19353.0,1445.0
2021-10-19 19:15:00,19353.0,3428.0
2021-10-19 19:15:00,19353.0,1445.0
2021-10-19 19:20:00,19353.0,3428.0
2021-10-19 19:20:00,19353.0,1445.0
2021-10-19 19:25:00,19353.0,1445.0
2021-10-19 19:35:00,19353.0,1445.0
2021-10-19 19:45:00,19353.0,3428.0
2021-10-19 19:45:00,19353.0,1445.0
2021-10-19 18:00:00,19366.0,22120.0
2021-10-19 16:10:00,19367.0,1927.0
2021-10-19 16:35:00,19367.0,3680.0
2021-10-19 17:05:00,19367.0,1927.0
2021-10-19 17:35:00,19367.0,3680.0
2021-10-19 17:35:00,19367.0,1927.0
2021-10-19 17:45:00,19367.0,1927.0
2021-10-19 17:55:00,19367.0,21107.0
2021-10-19 18:00:00,19367.0,3680.0
2021-10-19 18:00:00,19367.0,1927.0
2021-10-19 19:00:00,19367.0,1927.0
2021-10-19 19:15:00,19367.0,1927.0
2021-10-19 19:30:00,19367.0,3680.0
2021-10-19 19:40:00,19367.0,1927.0
2021-10-19 18:50:00,19368.0,21086.0
2021-10-19 19:45:00,19368.0,21086.0
2021-10-19 17:10:00,19369.0,19471.0
2021-10-19 18:10:00,19369.0,14562.0
2021-10-19 18:15:00,19369.0,14562.0
2021-10-19 16:10:00,19381.0,1893.0
2021-10-19 16:50:00,19381.0,14310.0
2021-10-19 17:15:00,19381.0,1447.0
2021-10-19 17:25:00,19381.0,1893.0
2021-10-19 17:35:00,19381.0,1893.0
2021-10-19 17:55:00,19381.0,14310.0
2021-10-19 18:10:00,19381.0,14310.0
2021-10-19 18:30:00,19381.0,1893.0
2021-10-19 19:05:00,19381.0,1893.0
2021-10-19 19:05:00,19381.0,1447.0
2021-10-19 19:20:00,19381.0,14310.0
2021-10-19 16:15:00,19382.0,22088.0
2021-10-19 16:30:00,19382.0,22088.0
2021-10-19 18:40:00,19382.0,22088.0
2021-10-19 19:35:00,19383.0,22091.0
2021-10-19 16:20:00,3001.0,2458.0
2021-10-19 17:25:00,3001.0,2458.0
2021-10-19 18:20:00,3001.0,2458.0
2021-10-19 18:40:00,3001.0,2458.0
2021-10-19 18:10:00,3016.0,1812.0
2021-10-19 18:20:00,3016.0,10408.0
2021-10-19 18:25:00,3016.0,10408.0
2021-10-19 18:45:00,19405.0,24317.0
2021-10-19 16:00:00,19406.0,22094.0
2021-10-19 16:00:00,19406.0,1703.0
2021-10-19 16:20:00,19406.0,22094.0
2021-10-19 16:35:00,19406.0,22112.0
2021-10-19 16:35:00,19406.0,22094.0
2021-10-19 16:35:00,19406.0,1703.0
2021-10-19 17:00:00,19406.0,22112.0
2021-10-19 17:05:00,19406.0,22112.0
2021-10-19 17:10:00,19406.0,1703.0
2021-10-19 17:15:00,19406.0,22094.0
2021-10-19 17:15:00,19406.0,1703.0
2021-10-19 17:45:00,19406.0,22112.0
2021-10-19 18:00:00,19406.0,22112.0
2021-10-19 18:05:00,19406.0,22112.0
2021-10-19 18:10:00,19406.0,22112.0
2021-10-19 18:10:00,19406.0,22094.0
2021-10-19 18:15:00,19406.0,1703.0
2021-10-19 18:20:00,19406.0,22112.0
2021-10-19 18:50:00,19406.0,22094.0
2021-10-19 18:55:00,19406.0,1703.0
2021-10-19 19:00:00,19406.0,22112.0
2021-10-19 19:05:00,19406.0,22112.0
2021-10-19 19:10:00,19406.0,22112.0
2021-10-19 19:35:00,19406.0,1703.0
2021-10-19 19:45:00,19406.0,22112.0
2021-10-19 19:50:00,19406.0,22112.0
2021-10-19 19:50:00,19406.0,22094.0
2021-10-19 19:50:00,19406.0,1703.0
2021-10-19 16:25:00,19407.0,22079.0
2021-10-19 17:00:00,19407.0,22079.0
2021-10-19 17:10:00,19407.0,22083.0
2021-10-19 17:45:00,19407.0,22083.0
2021-10-19 17:55:00,19407.0,22079.0
2021-10-19 18:40:00,19407.0,22079.0
2021-10-19 19:05:00,19407.0,22083.0
2021-10-19 19:25:00,19407.0,22083.0
2021-10-19 19:45:00,19407.0,22079.0
2021-10-19 17:00:00,11224.0,11231.0
2021-10-19 16:00:00,29662.0,29660.0
2021-10-19 16:00:00,19424.0,19431.0
2021-10-19 16:05:00,19424.0,2653.0
2021-10-19 16:15:00,19424.0,2653.0
2021-10-19 16:50:00,19424.0,2653.0
2021-10-19 16:55:00,19424.0,19431.0
2021-10-19 17:05:00,19424.0,19431.0
2021-10-19 16:05:00,19430.0,2653.0
2021-10-19 16:15:00,19430.0,2653.0
2021-10-19 17:25:00,19430.0,2653.0
2021-10-19 17:30:00,19430.0,2653.0
2021-10-19 16:00:00,19433.0,4504.0
2021-10-19 16:25:00,19433.0,22104.0
2021-10-19 16:50:00,19433.0,22104.0
2021-10-19 17:20:00,19433.0,4504.0
2021-10-19 17:25:00,19433.0,22104.0
2021-10-19 18:50:00,19433.0,22104.0
2021-10-19 19:30:00,19433.0,4504.0
2021-10-19 18:05:00,1002.0,6864.0
2021-10-19 18:10:00,1002.0,6864.0
2021-10-19 17:35:00,1003.0,6381.0
2021-10-19 18:45:00,1003.0,6381.0
2021-10-19 19:40:00,1003.0,6381.0
2021-10-19 19:45:00,1003.0,6381.0
2021-10-19 16:00:00,1004.0,21108.0
2021-10-19 17:35:00,1004.0,130.0
2021-10-19 18:15:00,1004.0,130.0
2021-10-19 19:05:00,1004.0,21108.0
2021-10-19 16:10:00,19432.0,22102.0
2021-10-19 16:30:00,19432.0,22102.0
2021-10-19 16:35:00,19432.0,22102.0
2021-10-19 16:40:00,19432.0,22102.0
2021-10-19 17:35:00,19432.0,22102.0
2021-10-19 17:40:00,19432.0,22102.0
2021-10-19 19:10:00,19432.0,22102.0
2021-10-19 16:10:00,19438.0,22092.0
2021-10-19 16:30:00,19438.0,22092.0
2021-10-19 16:35:00,19438.0,22092.0
2021-10-19 16:40:00,19438.0,22092.0
2021-10-19 17:15:00,19438.0,22092.0
2021-10-19 17:20:00,19438.0,22092.0
2021-10-19 17:25:00,19438.0,22092.0
2021-10-19 17:50:00,19438.0,22092.0
2021-10-19 18:50:00,19438.0,22092.0
2021-10-19 19:45:00,19438.0,22092.0
2021-10-19 19:50:00,19438.0,22092.0
2021-10-19 16:00:00,19439.0,22101.0
2021-10-19 16:00:00,19439.0,22103.0
2021-10-19 16:05:00,19439.0,22101.0
2021-10-19 16:20:00,19439.0,22101.0
2021-10-19 16:25:00,19439.0,22103.0
2021-10-19 16:30:00,19439.0,23787.0
2021-10-19 16:30:00,19439.0,22103.0
2021-10-19 16:35:00,19439.0,23787.0
2021-10-19 17:00:00,19439.0,23787.0
2021-10-19 17:05:00,19439.0,23787.0
2021-10-19 17:10:00,19439.0,23787.0
2021-10-19 17:10:00,19439.0,22103.0
2021-10-19 17:35:00,19439.0,23787.0
2021-10-19 17:40:00,19439.0,23787.0
2021-10-19 18:05:00,19439.0,23787.0
2021-10-19 18:05:00,19439.0,22103.0
2021-10-19 18:10:00,19439.0,23787.0
2021-10-19 18:20:00,19439.0,22101.0
2021-10-19 18:25:00,19439.0,22101.0
2021-10-19 18:30:00,19439.0,23787.0
2021-10-19 18:35:00,19439.0,23787.0
2021-10-19 18:55:00,19439.0,23787.0
2021-10-19 18:55:00,19439.0,22101.0
2021-10-19 18:55:00,19439.0,22103.0
2021-10-19 19:00:00,19439.0,23787.0
2021-10-19 19:00:00,19439.0,22101.0
2021-10-19 19:05:00,19439.0,23787.0
2021-10-19 19:15:00,19439.0,22101.0
2021-10-19 19:45:00,19439.0,23787.0
2021-10-19 19:50:00,19439.0,23787.0
2021-10-19 19:20:00,23560.0,26068.0
2021-10-19 17:05:00,19468.0,21084.0
2021-10-19 17:10:00,19469.0,21088.0
2021-10-19 17:40:00,19469.0,21088.0
2021-10-19 18:05:00,19469.0,21088.0
2021-10-19 18:05:00,19469.0,17816.0
2021-10-19 16:30:00,19471.0,21078.0
2021-10-19 16:35:00,19471.0,21078.0
2021-10-19 17:00:00,19471.0,21089.0
2021-10-19 17:05:00,19471.0,21089.0
2021-10-19 17:35:00,19471.0,21078.0
2021-10-19 17:40:00,19471.0,21078.0
2021-10-19 17:45:00,19471.0,21089.0
2021-10-19 17:50:00,19471.0,21089.0
2021-10-19 18:10:00,19471.0,21078.0
2021-10-19 18:20:00,19471.0,21089.0
2021-10-19 18:25:00,19471.0,21089.0
2021-10-19 18:50:00,19471.0,21089.0
2021-10-19 18:50:00,19471.0,21078.0
2021-10-19 18:55:00,19471.0,21089.0
2021-10-19 19:00:00,19471.0,21089.0
2021-10-19 19:00:00,19471.0,21078.0
2021-10-19 19:10:00,19471.0,21078.0
2021-10-19 19:20:00,19471.0,21089.0
2021-10-19 19:30:00,19471.0,21078.0
2021-10-19 16:35:00,1042.0,1446.0
2021-10-19 16:50:00,1042.0,1446.0
2021-10-19 17:05:00,1042.0,1446.0
2021-10-19 17:15:00,1042.0,1444.0
2021-10-19 18:00:00,1042.0,1444.0
2021-10-19 18:00:00,1042.0,1446.0
2021-10-19 18:05:00,1042.0,1444.0
2021-10-19 18:30:00,1042.0,1444.0
2021-10-19 19:50:00,1042.0,1446.0
2021-10-19 16:35:00,9977.0,9291.0
2021-10-19 17:30:00,9977.0,9291.0
2021-10-19 19:25:00,9977.0,9291.0
2021-10-19 19:40:00,9977.0,9307.0
2021-10-19 16:50:00,2651.0,25255.0
2021-10-19 17:15:00,4688.0,11804.0
2021-10-19 17:25:00,4688.0,11804.0
2021-10-19 17:35:00,4688.0,11804.0
2021-10-19 16:20:00,2653.0,25255.0
2021-10-19 16:55:00,2653.0,25255.0
2021-10-19 16:20:00,22104.0,19430.0
2021-10-19 17:00:00,22104.0,19430.0
2021-10-19 18:45:00,15409.0,9293.0
2021-10-19 16:45:00,15410.0,9296.0
2021-10-19 17:30:00,15410.0,9301.0
2021-10-19 18:30:00,9267.0,1673.0
2021-10-19 18:40:00,9267.0,1673.0
2021-10-19 18:45:00,9267.0,3854.0
2021-10-19 16:45:00,9986.0,9990.0
2021-10-19 16:25:00,9288.0,9290.0
2021-10-19 16:25:00,9288.0,9292.0
2021-10-19 16:30:00,9288.0,9292.0
2021-10-19 16:35:00,9288.0,9292.0
2021-10-19 17:05:00,9288.0,9292.0
2021-10-19 18:20:00,9288.0,9292.0
2021-10-19 18:40:00,9288.0,9297.0
2021-10-19 18:45:00,9288.0,9297.0
2021-10-19 19:15:00,9288.0,9292.0
2021-10-19 19:20:00,9288.0,9292.0
2021-10-19 19:45:00,9288.0,9290.0
2021-10-19 19:45:00,9288.0,9292.0
2021-10-19 18:35:00,9290.0,9976.0
2021-10-19 19:35:00,9290.0,9307.0
2021-10-19 19:40:00,9290.0,9307.0
2021-10-19 16:20:00,9291.0,9289.0
2021-10-19 16:45:00,9291.0,9289.0
2021-10-19 16:20:00,19532.0,22341.0
2021-10-19 16:25:00,19532.0,22341.0
2021-10-19 16:30:00,19532.0,22341.0
2021-10-19 16:50:00,19532.0,22341.0
2021-10-19 16:55:00,19532.0,22341.0
2021-10-19 17:00:00,19532.0,22341.0
2021-10-19 17:20:00,19532.0,22341.0
2021-10-19 17:25:00,19532.0,22341.0
2021-10-19 17:30:00,19532.0,22341.0
2021-10-19 17:55:00,19532.0,22341.0
2021-10-19 18:10:00,19532.0,22341.0
2021-10-19 18:25:00,19532.0,22341.0
2021-10-19 18:40:00,19532.0,22341.0
2021-10-19 18:45:00,19532.0,22341.0
2021-10-19 19:00:00,19532.0,22341.0
2021-10-19 19:05:00,19532.0,22341.0
2021-10-19 19:30:00,19532.0,22341.0
2021-10-19 19:35:00,19532.0,22341.0
2021-10-19 19:40:00,19532.0,22341.0
2021-10-19 19:50:00,19532.0,22341.0
2021-10-19 16:35:00,19533.0,22291.0
2021-10-19 19:30:00,25681.0,1600.0
2021-10-19 17:30:00,25682.0,31900.0
2021-10-19 17:00:00,9296.0,9292.0
2021-10-19 18:25:00,9296.0,9292.0
2021-10-19 19:45:00,9296.0,9290.0
2021-10-19 19:45:00,9296.0,9292.0
2021-10-19 16:45:00,9305.0,9293.0
2021-10-19 16:35:00,9306.0,9291.0
2021-10-19 18:35:00,9306.0,9976.0
2021-10-19 16:45:00,9300.0,9296.0
2021-10-19 18:30:00,9300.0,9296.0
2021-10-19 17:30:00,9309.0,9291.0
2021-10-19 18:40:00,9309.0,9291.0
2021-10-19 19:35:00,9309.0,9307.0
2021-10-19 16:00:00,19552.0,1929.0
2021-10-19 16:10:00,19552.0,3615.0
2021-10-19 16:15:00,19552.0,3615.0
2021-10-19 17:25:00,19552.0,3615.0
2021-10-19 17:30:00,19552.0,3615.0
2021-10-19 17:45:00,19552.0,3615.0
2021-10-19 18:00:00,19552.0,3615.0
2021-10-19 18:40:00,19552.0,3615.0
2021-10-19 19:15:00,19552.0,3615.0
2021-10-19 19:50:00,19552.0,1929.0
2021-10-19 17:15:00,19554.0,22085.0
2021-10-19 17:45:00,19554.0,22085.0
2021-10-19 17:50:00,19554.0,22085.0
2021-10-19 17:55:00,19554.0,22085.0
2021-10-19 18:35:00,19554.0,22085.0
2021-10-19 18:50:00,19554.0,22085.0
2021-10-19 18:55:00,19554.0,22085.0
2021-10-19 19:00:00,19554.0,1702.0
2021-10-19 19:05:00,19554.0,22085.0
2021-10-19 19:40:00,19554.0,22085.0
2021-10-19 19:45:00,19554.0,22085.0
2021-10-19 17:05:00,19555.0,21052.0
2021-10-19 18:20:00,19555.0,22117.0
2021-10-19 19:15:00,19555.0,22117.0
2021-10-19 17:55:00,19553.0,22119.0
2021-10-19 16:35:00,1444.0,19352.0
2021-10-19 16:35:00,1444.0,3428.0
2021-10-19 16:55:00,1444.0,19352.0
2021-10-19 17:25:00,1444.0,19352.0
2021-10-19 17:25:00,1444.0,3428.0
2021-10-19 19:50:00,1444.0,19352.0
2021-10-19 16:00:00,19563.0,30139.0
2021-10-19 16:00:00,19563.0,30092.0
2021-10-19 16:05:00,19563.0,30139.0
2021-10-19 16:05:00,19563.0,30092.0
2021-10-19 17:50:00,19563.0,30139.0
2021-10-19 18:05:00,19563.0,30139.0
2021-10-19 18:15:00,19563.0,30139.0
2021-10-19 19:25:00,19563.0,30092.0
2021-10-19 18:20:00,3181.0,3178.0
2021-10-19 18:30:00,3181.0,3178.0
2021-10-19 17:30:00,3179.0,19324.0
2021-10-19 17:30:00,2668.0,576.0
2021-10-19 18:00:00,3180.0,150.0
2021-10-19 16:35:00,3178.0,5603.0
2021-10-19 17:15:00,3178.0,4964.0
2021-10-19 17:20:00,3178.0,4964.0
2021-10-19 18:35:00,3178.0,4964.0
2021-10-19 18:50:00,3178.0,5603.0
2021-10-19 18:55:00,3178.0,5603.0
2021-10-19 18:55:00,3178.0,4964.0
2021-10-19 19:00:00,3178.0,4964.0
2021-10-19 19:25:00,3178.0,5603.0
2021-10-19 16:25:00,31871.0,6951.0
2021-10-19 18:10:00,31871.0,25683.0
2021-10-19 16:50:00,19602.0,3256.0
2021-10-19 18:00:00,31898.0,31920.0
2021-10-19 17:50:00,31900.0,31898.0
2021-10-19 18:20:00,31904.0,6952.0
2021-10-19 19:20:00,31918.0,31902.0
2021-10-19 18:25:00,19635.0,7045.0
2021-10-19 17:50:00,3256.0,6380.0
2021-10-19 17:50:00,3256.0,6382.0
2021-10-19 18:10:00,3256.0,6380.0
2021-10-19 18:10:00,3256.0,6382.0
2021-10-19 18:15:00,3256.0,6380.0
2021-10-19 18:40:00,3256.0,6380.0
2021-10-19 18:35:00,1218.0,1380.0
2021-10-19 16:10:00,1219.0,1216.0
2021-10-19 16:45:00,1219.0,2887.0
2021-10-19 18:20:00,1219.0,2887.0
2021-10-19 19:05:00,1219.0,1216.0
2021-10-19 19:45:00,1219.0,1216.0
2021-10-19 16:15:00,1228.0,4780.0
2021-10-19 16:45:00,1228.0,209.0
2021-10-19 17:55:00,1228.0,209.0
2021-10-19 18:45:00,1228.0,209.0
2021-10-19 18:45:00,1228.0,14588.0
2021-10-19 16:50:00,1229.0,3699.0
2021-10-19 17:30:00,1229.0,3699.0
2021-10-19 17:35:00,1229.0,2431.0
2021-10-19 17:40:00,1229.0,2431.0
2021-10-19 18:30:00,1229.0,3699.0
2021-10-19 18:45:00,1229.0,3699.0
2021-10-19 19:10:00,1229.0,2431.0
2021-10-19 19:50:00,1229.0,3699.0
2021-10-19 16:00:00,1230.0,2812.0
2021-10-19 18:15:00,1230.0,10409.0
2021-10-19 18:15:00,1230.0,2812.0
2021-10-19 16:35:00,1231.0,1228.0
2021-10-19 17:30:00,1231.0,3699.0
2021-10-19 17:45:00,1231.0,1228.0
2021-10-19 18:10:00,1231.0,1228.0
2021-10-19 19:15:00,1231.0,2431.0
2021-10-19 19:45:00,1231.0,3699.0
2021-10-19 19:50:00,1231.0,3699.0
2021-10-19 16:15:00,1232.0,17817.0
2021-10-19 16:20:00,31966.0,31968.0
2021-10-19 16:50:00,31966.0,31968.0
2021-10-19 17:50:00,31966.0,2655.0
2021-10-19 16:35:00,31967.0,19635.0
2021-10-19 16:10:00,1251.0,6405.0
2021-10-19 18:45:00,1251.0,6405.0
2021-10-19 17:30:00,1250.0,24317.0
2021-10-19 18:10:00,1250.0,325.0
2021-10-19 18:10:00,1250.0,24317.0
2021-10-19 16:40:00,1249.0,6405.0
2021-10-19 17:20:00,1249.0,6405.0
2021-10-19 17:25:00,1249.0,6405.0
2021-10-19 16:00:00,23786.0,22101.0
2021-10-19 16:00:00,23786.0,22103.0
2021-10-19 16:05:00,23786.0,22101.0
2021-10-19 16:15:00,23786.0,19438.0
2021-10-19 16:20:00,23786.0,22101.0
2021-10-19 16:25:00,23786.0,22103.0
2021-10-19 16:30:00,23786.0,22103.0
2021-10-19 17:10:00,23786.0,22103.0
2021-10-19 18:05:00,23786.0,22103.0
2021-10-19 18:20:00,23786.0,22101.0
2021-10-19 18:25:00,23786.0,22101.0
2021-10-19 18:30:00,23786.0,19438.0
2021-10-19 18:55:00,23786.0,22101.0
2021-10-19 18:55:00,23786.0,22103.0
2021-10-19 19:00:00,23786.0,22101.0
2021-10-19 19:15:00,23786.0,22101.0
2021-10-19 16:05:00,17689.0,1961.0
2021-10-19 19:20:00,17689.0,1961.0
2021-10-19 16:00:00,9506.0,32040.0
2021-10-19 16:00:00,9506.0,14285.0
2021-10-19 16:20:00,9506.0,32040.0
2021-10-19 16:35:00,9506.0,32040.0
2021-10-19 16:35:00,9506.0,14285.0
2021-10-19 16:55:00,9506.0,14285.0
2021-10-19 17:30:00,9506.0,32040.0
2021-10-19 17:30:00,9506.0,14285.0
2021-10-19 18:10:00,9506.0,32040.0
2021-10-19 18:15:00,9506.0,32040.0
2021-10-19 18:35:00,9506.0,32040.0
2021-10-19 18:40:00,9506.0,32040.0
2021-10-19 18:45:00,9506.0,32040.0
2021-10-19 19:15:00,9506.0,32040.0
2021-10-19 19:15:00,9506.0,14285.0
2021-10-19 19:20:00,9506.0,32040.0
2021-10-19 19:20:00,9506.0,14285.0
2021-10-19 19:45:00,9506.0,32040.0
2021-10-19 19:45:00,9506.0,14285.0
2021-10-19 19:50:00,9506.0,32040.0
2021-10-19 19:50:00,9506.0,14285.0
2021-10-19 18:25:00,32040.0,5822.0
2021-10-19 16:00:00,32041.0,14285.0
2021-10-19 17:30:00,32041.0,14285.0
2021-10-19 19:10:00,32041.0,14285.0
2021-10-19 19:15:00,32041.0,14285.0
2021-10-19 19:20:00,32041.0,14285.0
2021-10-19 19:40:00,32041.0,14285.0
2021-10-19 19:45:00,32041.0,14285.0
2021-10-19 16:15:00,19788.0,9309.0
2021-10-19 16:30:00,19788.0,9300.0
2021-10-19 17:15:00,19788.0,9309.0
2021-10-19 16:45:00,19790.0,9958.0
2021-10-19 16:50:00,19790.0,9958.0
2021-10-19 17:15:00,19790.0,22887.0
2021-10-19 17:25:00,19790.0,22896.0
2021-10-19 17:40:00,19790.0,22887.0
2021-10-19 17:55:00,19790.0,22887.0
2021-10-19 18:10:00,19790.0,22887.0
2021-10-19 18:15:00,19790.0,22887.0
2021-10-19 19:05:00,19790.0,22887.0
2021-10-19 19:10:00,19790.0,22887.0
2021-10-19 18:15:00,19791.0,22885.0
2021-10-19 18:30:00,19791.0,22885.0
2021-10-19 18:35:00,19791.0,22885.0
2021-10-19 16:20:00,19792.0,22880.0
2021-10-19 16:40:00,30051.0,30053.0
2021-10-19 16:00:00,3428.0,1975.0
2021-10-19 16:40:00,3428.0,1975.0
2021-10-19 16:50:00,3428.0,1975.0
2021-10-19 18:20:00,3428.0,1975.0
2021-10-19 18:35:00,30053.0,1831.0
2021-10-19 18:40:00,30053.0,1831.0
2021-10-19 18:45:00,30053.0,1831.0
2021-10-19 18:20:00,30055.0,12768.0
2021-10-19 18:25:00,30055.0,12768.0
2021-10-19 18:25:00,30055.0,12765.0
2021-10-19 19:10:00,1381.0,1219.0
2021-10-19 19:30:00,1381.0,1219.0
2021-10-19 16:35:00,3429.0,19352.0
2021-10-19 16:35:00,3429.0,1445.0
2021-10-19 17:40:00,3429.0,3681.0
2021-10-19 17:55:00,3429.0,1445.0
2021-10-19 18:00:00,3429.0,3681.0
2021-10-19 18:00:00,3429.0,1445.0
2021-10-19 18:25:00,3429.0,19352.0
2021-10-19 18:50:00,3429.0,19352.0
2021-10-19 18:55:00,3429.0,19352.0
2021-10-19 18:55:00,3429.0,1445.0
2021-10-19 19:10:00,3429.0,19352.0
2021-10-19 19:10:00,3429.0,3681.0
2021-10-19 19:15:00,3429.0,19352.0
2021-10-19 19:15:00,3429.0,1445.0
2021-10-19 19:20:00,3429.0,1445.0
2021-10-19 19:25:00,3429.0,1445.0
2021-10-19 19:35:00,3429.0,1445.0
2021-10-19 19:45:00,3429.0,19352.0
2021-10-19 19:45:00,3429.0,1445.0
2021-10-19 19:50:00,3429.0,19352.0
2021-10-19 17:20:00,28034.0,23306.0
2021-10-19 19:15:00,28037.0,23894.0
2021-10-19 19:25:00,5506.0,14606.0
2021-10-19 18:00:00,30088.0,30090.0
2021-10-19 18:35:00,30081.0,20065.0
2021-10-19 18:40:00,30081.0,20065.0
2021-10-19 19:05:00,30081.0,20065.0
2021-10-19 19:05:00,30081.0,14563.0
2021-10-19 19:05:00,30081.0,30090.0
2021-10-19 19:10:00,30081.0,20065.0
2021-10-19 19:10:00,30081.0,14563.0
2021-10-19 19:10:00,30081.0,30090.0
2021-10-19 16:05:00,30090.0,30139.0
2021-10-19 16:05:00,30090.0,30092.0
2021-10-19 16:50:00,30090.0,30092.0
2021-10-19 17:45:00,30090.0,30139.0
2021-10-19 17:50:00,30090.0,30139.0
2021-10-19 18:05:00,30090.0,30139.0
2021-10-19 18:15:00,30090.0,30139.0
2021-10-19 19:15:00,30090.0,30139.0
2021-10-19 19:15:00,30090.0,30092.0
2021-10-19 19:25:00,30090.0,30092.0
2021-10-19 16:40:00,30092.0,30141.0
2021-10-19 16:45:00,30092.0,30141.0
2021-10-19 17:10:00,30092.0,10430.0
2021-10-19 17:35:00,30092.0,30141.0
2021-10-19 17:40:00,30092.0,30141.0
2021-10-19 18:15:00,30092.0,10430.0
2021-10-19 18:20:00,30092.0,10430.0
2021-10-19 18:35:00,30092.0,30141.0
2021-10-19 18:40:00,30092.0,30141.0
2021-10-19 18:05:00,30086.0,21103.0
2021-10-19 18:30:00,30086.0,30088.0
2021-10-19 18:30:00,30086.0,30138.0
2021-10-19 18:30:00,30086.0,21103.0
2021-10-19 17:15:00,5528.0,2930.0
2021-10-19 18:20:00,5528.0,2928.0
2021-10-19 18:40:00,5528.0,2928.0
2021-10-19 16:50:00,17817.0,19468.0
2021-10-19 16:55:00,17817.0,19468.0
2021-10-19 17:05:00,17817.0,21088.0
2021-10-19 17:10:00,17817.0,21088.0
2021-10-19 17:40:00,17817.0,21088.0
2021-10-19 17:45:00,17817.0,21088.0
2021-10-19 18:05:00,17817.0,21088.0
2021-10-19 18:10:00,17817.0,21088.0
2021-10-19 18:15:00,17817.0,21088.0
2021-10-19 18:30:00,17817.0,21088.0
2021-10-19 18:50:00,17817.0,21088.0
2021-10-19 18:55:00,17817.0,21088.0
2021-10-19 19:00:00,17817.0,21088.0
2021-10-19 19:20:00,17817.0,21088.0
2021-10-19 19:30:00,17817.0,19468.0
2021-10-19 19:35:00,17817.0,21088.0
2021-10-19 19:35:00,17817.0,19468.0
2021-10-19 16:40:00,7592.0,8401.0
2021-10-19 18:05:00,1445.0,1043.0
2021-10-19 16:45:00,1447.0,1444.0
2021-10-19 18:30:00,1447.0,1444.0
2021-10-19 19:40:00,1447.0,1444.0
2021-10-19 16:10:00,1446.0,1893.0
2021-10-19 16:45:00,1446.0,14310.0
2021-10-19 17:25:00,1446.0,1893.0
2021-10-19 17:40:00,1446.0,14310.0
2021-10-19 18:10:00,1446.0,14310.0
2021-10-19 18:20:00,1446.0,14310.0
2021-10-19 18:30:00,1446.0,1893.0
2021-10-19 18:45:00,1446.0,1893.0
2021-10-19 18:50:00,1446.0,1893.0
2021-10-19 18:50:00,1446.0,14310.0
2021-10-19 18:55:00,1446.0,19380.0
2021-10-19 19:10:00,1446.0,1893.0
2021-10-19 19:15:00,1446.0,14310.0
2021-10-19 19:20:00,1446.0,14310.0
2021-10-19 19:45:00,1446.0,14310.0
2021-10-19 18:05:00,28089.0,15409.0
2021-10-19 16:10:00,30141.0,4863.0
2021-10-19 17:50:00,30141.0,30086.0
2021-10-19 17:50:00,30141.0,4863.0
2021-10-19 18:15:00,30141.0,30086.0
2021-10-19 18:45:00,30141.0,4863.0
2021-10-19 17:05:00,5572.0,5823.0
2021-10-19 17:20:00,5572.0,5820.0
2021-10-19 17:40:00,5572.0,5823.0
2021-10-19 18:10:00,5572.0,5823.0
2021-10-19 18:15:00,5572.0,5823.0
2021-10-19 18:20:00,5572.0,5820.0
2021-10-19 18:20:00,5572.0,5823.0
2021-10-19 18:50:00,5572.0,5820.0
2021-10-19 18:00:00,5570.0,5778.0
2021-10-19 18:05:00,5570.0,5778.0
2021-10-19 18:10:00,5570.0,5778.0
2021-10-19 16:20:00,5573.0,21085.0
2021-10-19 16:25:00,5573.0,21085.0
2021-10-19 16:25:00,5573.0,149.0
2021-10-19 17:55:00,5573.0,5570.0
2021-10-19 18:05:00,5573.0,21085.0
2021-10-19 18:50:00,5573.0,21085.0
2021-10-19 19:00:00,5573.0,5570.0
2021-10-19 19:20:00,5573.0,21085.0
2021-10-19 19:30:00,5573.0,149.0
2021-10-19 17:05:00,5571.0,21085.0
2021-10-19 17:20:00,5571.0,21085.0
2021-10-19 17:20:00,5571.0,149.0
2021-10-19 18:05:00,5571.0,21085.0
2021-10-19 18:50:00,5571.0,21085.0
2021-10-19 18:10:00,19426.0,22106.0
2021-10-19 17:00:00,19427.0,25020.0
2021-10-19 17:40:00,19427.0,3641.0
2021-10-19 18:10:00,19427.0,25020.0
2021-10-19 18:30:00,19427.0,3641.0
2021-10-19 16:50:00,24312.0,1531.0
2021-10-19 16:55:00,24312.0,1531.0
2021-10-19 18:10:00,24312.0,28770.0
2021-10-19 19:50:00,24312.0,28770.0
2021-10-19 16:25:00,5601.0,5821.0
2021-10-19 17:30:00,5601.0,5821.0
2021-10-19 18:30:00,5601.0,151.0
2021-10-19 18:45:00,5601.0,5821.0
2021-10-19 17:20:00,5602.0,3179.0
2021-10-19 17:20:00,5602.0,4964.0
2021-10-19 17:35:00,5602.0,4964.0
2021-10-19 17:40:00,5602.0,4964.0
2021-10-19 17:45:00,5602.0,4964.0
2021-10-19 18:15:00,5602.0,3179.0
2021-10-19 18:15:00,5602.0,4964.0
2021-10-19 18:35:00,5602.0,4964.0
2021-10-19 18:40:00,5602.0,3179.0
2021-10-19 18:55:00,5602.0,4964.0
2021-10-19 19:00:00,5602.0,4964.0
2021-10-19 17:55:00,5603.0,5821.0
2021-10-19 18:05:00,5603.0,151.0
2021-10-19 18:45:00,5603.0,5821.0
2021-10-19 19:35:00,5603.0,5821.0
2021-10-19 18:05:00,1530.0,24313.0
2021-10-19 18:10:00,1530.0,28770.0
2021-10-19 19:50:00,1530.0,28770.0
2021-10-19 16:05:00,1532.0,4948.0
2021-10-19 16:30:00,1532.0,4948.0
2021-10-19 16:50:00,1532.0,4948.0
2021-10-19 16:50:00,1532.0,4950.0
2021-10-19 17:20:00,1532.0,4948.0
2021-10-19 17:35:00,1532.0,4950.0
2021-10-19 18:05:00,1532.0,4950.0
2021-10-19 18:20:00,1532.0,4948.0
2021-10-19 19:20:00,1532.0,4950.0
2021-10-19 16:15:00,1533.0,28768.0
2021-10-19 16:20:00,1533.0,28768.0
2021-10-19 16:20:00,1533.0,28767.0
2021-10-19 16:25:00,1533.0,28767.0
2021-10-19 16:45:00,1533.0,28767.0
2021-10-19 17:30:00,1533.0,28767.0
2021-10-19 17:45:00,1533.0,28767.0
2021-10-19 18:35:00,1533.0,28768.0
2021-10-19 19:05:00,1533.0,28768.0
2021-10-19 19:35:00,1533.0,28773.0
2021-10-19 19:10:00,24322.0,19150.0
2021-10-19 18:10:00,21068.0,21065.0
2021-10-19 16:00:00,22042.0,19142.0
2021-10-19 16:20:00,22042.0,22099.0
2021-10-19 16:30:00,22042.0,19142.0
2021-10-19 17:10:00,22042.0,19142.0
2021-10-19 17:55:00,22042.0,19142.0
2021-10-19 18:30:00,22042.0,22099.0
2021-10-19 18:30:00,22042.0,19142.0
2021-10-19 18:45:00,22042.0,19142.0
2021-10-19 19:10:00,22042.0,22099.0
2021-10-19 19:20:00,22042.0,22099.0
2021-10-19 19:20:00,22042.0,19142.0
2021-10-19 19:45:00,22042.0,22099.0
2021-10-19 17:00:00,22043.0,24965.0
2021-10-19 17:35:00,22043.0,24965.0
2021-10-19 19:20:00,22043.0,24965.0
2021-10-19 16:40:00,22048.0,22102.0
2021-10-19 19:40:00,22051.0,22088.0
2021-10-19 19:40:00,22051.0,19383.0
2021-10-19 16:00:00,22052.0,22095.0
2021-10-19 16:35:00,22052.0,22096.0
2021-10-19 17:35:00,22052.0,22096.0
2021-10-19 17:40:00,22052.0,22080.0
2021-10-19 18:25:00,22052.0,22080.0
2021-10-19 18:40:00,22052.0,22096.0
2021-10-19 18:45:00,22052.0,22096.0
2021-10-19 18:50:00,22052.0,22096.0
2021-10-19 18:50:00,22052.0,22095.0
2021-10-19 19:05:00,22052.0,22095.0
2021-10-19 19:10:00,22052.0,22096.0
2021-10-19 19:45:00,22052.0,22096.0
2021-10-19 19:50:00,22052.0,22096.0
2021-10-19 19:30:00,22053.0,22077.0
2021-10-19 18:20:00,3615.0,6424.0
2021-10-19 18:25:00,3615.0,6424.0
2021-10-19 18:30:00,3615.0,6424.0
2021-10-19 16:25:00,22055.0,22100.0
2021-10-19 18:15:00,22055.0,19143.0
2021-10-19 17:55:00,22056.0,19382.0
2021-10-19 19:30:00,22069.0,24964.0
2021-10-19 16:05:00,3640.0,19426.0
2021-10-19 16:40:00,3640.0,25020.0
2021-10-19 16:45:00,3640.0,19426.0
2021-10-19 16:55:00,3640.0,19426.0
2021-10-19 16:55:00,3640.0,25020.0
2021-10-19 17:00:00,3640.0,25020.0
2021-10-19 17:05:00,3640.0,19426.0
2021-10-19 17:45:00,3640.0,19426.0
2021-10-19 17:55:00,3640.0,19426.0
2021-10-19 18:05:00,3640.0,19426.0
2021-10-19 18:10:00,3640.0,25020.0
2021-10-19 19:10:00,22074.0,22076.0
2021-10-19 16:55:00,22075.0,22084.0
2021-10-19 17:15:00,22075.0,22087.0
2021-10-19 17:40:00,22075.0,22084.0
2021-10-19 17:45:00,22075.0,22084.0
2021-10-19 18:20:00,22075.0,22084.0
2021-10-19 18:50:00,22075.0,22084.0
2021-10-19 18:50:00,22075.0,22087.0
2021-10-19 17:00:00,22077.0,22075.0
2021-10-19 18:15:00,1598.0,12777.0
2021-10-19 16:05:00,22082.0,19406.0
2021-10-19 17:05:00,22082.0,22079.0
2021-10-19 17:40:00,22082.0,19406.0
2021-10-19 19:45:00,22082.0,22079.0
2021-10-19 19:50:00,22082.0,22079.0
2021-10-19 16:00:00,22083.0,22081.0
2021-10-19 17:25:00,22083.0,22081.0
2021-10-19 16:25:00,22084.0,1702.0
2021-10-19 18:05:00,22084.0,19555.0
2021-10-19 18:10:00,22084.0,19555.0
2021-10-19 18:15:00,22084.0,1702.0
2021-10-19 19:00:00,22084.0,19555.0
2021-10-19 19:00:00,22084.0,1702.0
2021-10-19 19:00:00,22085.0,22074.0
2021-10-19 19:20:00,22085.0,22074.0
2021-10-19 16:50:00,22086.0,22084.0
2021-10-19 17:45:00,22086.0,22084.0
2021-10-19 18:20:00,22086.0,22084.0
2021-10-19 18:50:00,22086.0,22084.0
2021-10-19 19:00:00,22086.0,22074.0
2021-10-19 19:05:00,22087.0,22089.0
2021-10-19 19:10:00,22087.0,22089.0
2021-10-19 16:15:00,22081.0,22095.0
2021-10-19 16:35:00,22081.0,22096.0
2021-10-19 17:30:00,22081.0,22096.0
2021-10-19 17:35:00,22081.0,22096.0
2021-10-19 17:35:00,22081.0,22053.0
2021-10-19 17:45:00,22081.0,22096.0
2021-10-19 17:55:00,22081.0,22096.0
2021-10-19 17:55:00,22081.0,22095.0
2021-10-19 18:00:00,22081.0,22095.0
2021-10-19 18:15:00,22081.0,22096.0
2021-10-19 18:30:00,22081.0,22095.0
2021-10-19 18:55:00,22081.0,22095.0
2021-10-19 19:05:00,22081.0,22095.0
2021-10-19 19:10:00,22081.0,22096.0
2021-10-19 19:40:00,22081.0,22053.0
2021-10-19 19:00:00,22089.0,19383.0
2021-10-19 19:45:00,22089.0,19383.0
2021-10-19 16:45:00,22091.0,22107.0
2021-10-19 18:50:00,22091.0,22107.0
2021-10-19 19:10:00,22091.0,22107.0
2021-10-19 16:45:00,22092.0,22090.0
2021-10-19 16:45:00,22092.0,22107.0
2021-10-19 17:00:00,22092.0,22090.0
2021-10-19 17:05:00,22092.0,22090.0
2021-10-19 17:30:00,22092.0,22107.0
2021-10-19 17:35:00,22092.0,22107.0
2021-10-19 17:40:00,22092.0,22090.0
2021-10-19 17:55:00,22092.0,22090.0
2021-10-19 18:00:00,22092.0,22090.0
2021-10-19 18:00:00,22092.0,22107.0
2021-10-19 18:05:00,22092.0,22107.0
2021-10-19 18:25:00,22092.0,22107.0
2021-10-19 18:35:00,22092.0,22090.0
2021-10-19 18:40:00,22092.0,22090.0
2021-10-19 18:55:00,22092.0,22107.0
2021-10-19 19:10:00,22092.0,22107.0
2021-10-19 19:15:00,22092.0,22107.0
2021-10-19 19:20:00,22092.0,22107.0
2021-10-19 19:30:00,22092.0,22090.0
2021-10-19 19:35:00,22092.0,22090.0
2021-10-19 19:40:00,22092.0,22090.0
2021-10-19 19:40:00,22092.0,22107.0
2021-10-19 16:30:00,22094.0,22096.0
2021-10-19 17:05:00,22094.0,22096.0
2021-10-19 17:10:00,22094.0,22096.0
2021-10-19 17:25:00,22094.0,22096.0
2021-10-19 17:30:00,22094.0,22096.0
2021-10-19 17:35:00,22094.0,22096.0
2021-10-19 17:35:00,22094.0,22053.0
2021-10-19 17:40:00,22094.0,22080.0
2021-10-19 17:45:00,22094.0,22096.0
2021-10-19 17:55:00,22094.0,22096.0
2021-10-19 18:05:00,22094.0,22096.0
2021-10-19 18:15:00,22094.0,22096.0
2021-10-19 18:25:00,22094.0,22080.0
2021-10-19 18:40:00,22094.0,22096.0
2021-10-19 18:45:00,22094.0,22096.0
2021-10-19 19:10:00,22094.0,22096.0
2021-10-19 19:25:00,22094.0,22096.0
2021-10-19 19:25:00,22094.0,22053.0
2021-10-19 19:40:00,22094.0,22053.0
2021-10-19 19:45:00,22094.0,22096.0
2021-10-19 16:35:00,22095.0,22112.0
2021-10-19 16:35:00,22095.0,1703.0
2021-10-19 16:40:00,22095.0,22112.0
2021-10-19 17:00:00,22095.0,22112.0
2021-10-19 17:05:00,22095.0,22112.0
2021-10-19 17:20:00,22095.0,19407.0
2021-10-19 18:10:00,22095.0,22112.0
2021-10-19 18:15:00,22095.0,1703.0
2021-10-19 18:20:00,22095.0,22112.0
2021-10-19 19:00:00,22095.0,22112.0
2021-10-19 19:10:00,22095.0,22112.0
2021-10-19 19:35:00,22095.0,1703.0
2021-10-19 19:45:00,22095.0,22112.0
2021-10-19 19:50:00,22095.0,22112.0
2021-10-19 19:50:00,22095.0,1703.0
2021-10-19 19:50:00,22095.0,19407.0
2021-10-19 17:40:00,22096.0,22098.0
2021-10-19 18:10:00,22096.0,22098.0
2021-10-19 18:30:00,22096.0,22098.0
2021-10-19 18:55:00,22096.0,22098.0
2021-10-19 16:15:00,22097.0,22095.0
2021-10-19 16:20:00,22097.0,22095.0
2021-10-19 16:30:00,22097.0,22095.0
2021-10-19 16:55:00,22097.0,22095.0
2021-10-19 17:10:00,22097.0,22095.0
2021-10-19 17:40:00,22097.0,22080.0
2021-10-19 17:55:00,22097.0,22095.0
2021-10-19 18:25:00,22097.0,22080.0
2021-10-19 18:30:00,22097.0,22095.0
2021-10-19 18:55:00,22097.0,22095.0
2021-10-19 19:05:00,22097.0,22095.0
2021-10-19 19:25:00,22097.0,22053.0
2021-10-19 19:25:00,22097.0,22095.0
2021-10-19 19:40:00,22097.0,22053.0
2021-10-19 16:00:00,22098.0,22043.0
2021-10-19 16:00:00,22098.0,19142.0
2021-10-19 16:30:00,22098.0,19142.0
2021-10-19 16:45:00,22098.0,22043.0
2021-10-19 17:20:00,22098.0,22043.0
2021-10-19 17:20:00,22098.0,19142.0
2021-10-19 17:50:00,22098.0,19142.0
2021-10-19 17:55:00,22098.0,22043.0
2021-10-19 17:55:00,22098.0,19142.0
2021-10-19 18:05:00,22098.0,22043.0
2021-10-19 18:05:00,22098.0,19142.0
2021-10-19 18:40:00,22098.0,22043.0
2021-10-19 19:00:00,22098.0,19142.0
2021-10-19 19:05:00,22098.0,19142.0
2021-10-19 19:10:00,22098.0,22043.0
2021-10-19 19:20:00,22098.0,19142.0
2021-10-19 17:00:00,22099.0,22097.0
2021-10-19 16:00:00,22100.0,22103.0
2021-10-19 16:15:00,22100.0,19438.0
2021-10-19 17:00:00,22100.0,23787.0
2021-10-19 18:10:00,22100.0,23787.0
2021-10-19 18:30:00,22100.0,23787.0
2021-10-19 18:30:00,22100.0,19438.0
2021-10-19 18:55:00,22100.0,23787.0
2021-10-19 18:55:00,22100.0,22103.0
2021-10-19 19:00:00,22100.0,23787.0
2021-10-19 19:05:00,22100.0,23787.0
2021-10-19 19:50:00,22100.0,23787.0
2021-10-19 16:15:00,22101.0,19143.0
2021-10-19 16:15:00,22103.0,19433.0
2021-10-19 16:45:00,22103.0,19433.0
2021-10-19 16:15:00,22105.0,19432.0
2021-10-19 16:25:00,22105.0,19432.0
2021-10-19 16:50:00,22105.0,19432.0
2021-10-19 17:05:00,22105.0,19432.0
2021-10-19 17:15:00,22105.0,4504.0
2021-10-19 17:30:00,22105.0,19432.0
2021-10-19 19:20:00,22105.0,19432.0
2021-10-19 19:25:00,22105.0,19432.0
2021-10-19 19:30:00,22105.0,4504.0
2021-10-19 16:15:00,22102.0,19438.0
2021-10-19 17:00:00,22102.0,23787.0
2021-10-19 18:05:00,22102.0,23787.0
2021-10-19 18:10:00,22102.0,23787.0
2021-10-19 19:45:00,22102.0,23787.0
2021-10-19 16:50:00,22107.0,19427.0
2021-10-19 17:45:00,22107.0,19427.0
2021-10-19 17:50:00,22107.0,19427.0
2021-10-19 17:55:00,22107.0,19427.0
2021-10-19 18:15:00,22107.0,19427.0
2021-10-19 19:05:00,22107.0,19427.0
2021-10-19 16:15:00,22109.0,22092.0
2021-10-19 16:40:00,22109.0,22092.0
2021-10-19 16:00:00,22113.0,1703.0
2021-10-19 16:00:00,22113.0,22094.0
2021-10-19 16:10:00,22113.0,22094.0
2021-10-19 16:20:00,22113.0,22094.0
2021-10-19 16:30:00,22113.0,19407.0
2021-10-19 16:35:00,22113.0,1703.0
2021-10-19 16:35:00,22113.0,22094.0
2021-10-19 16:50:00,22113.0,22094.0
2021-10-19 17:10:00,22113.0,1703.0
2021-10-19 17:15:00,22113.0,1703.0
2021-10-19 17:15:00,22113.0,22094.0
2021-10-19 17:20:00,22113.0,19407.0
2021-10-19 17:30:00,22113.0,19407.0
2021-10-19 17:40:00,22113.0,19407.0
2021-10-19 18:00:00,22113.0,19407.0
2021-10-19 18:10:00,22113.0,22094.0
2021-10-19 18:15:00,22113.0,1703.0
2021-10-19 18:50:00,22113.0,22094.0
2021-10-19 18:55:00,22113.0,1703.0
2021-10-19 19:35:00,22113.0,1703.0
2021-10-19 19:50:00,22113.0,1703.0
2021-10-19 19:50:00,22113.0,22094.0
2021-10-19 19:50:00,22113.0,19407.0
2021-10-19 16:15:00,20066.0,14564.0
2021-10-19 16:30:00,20066.0,14564.0
2021-10-19 17:30:00,22114.0,22116.0
2021-10-19 18:10:00,22114.0,22116.0
2021-10-19 18:25:00,22114.0,22116.0
2021-10-19 19:00:00,22114.0,22116.0
2021-10-19 17:10:00,22116.0,19554.0
2021-10-19 19:30:00,22116.0,19554.0
2021-10-19 18:30:00,22117.0,22115.0
2021-10-19 19:30:00,22117.0,22115.0
2021-10-19 16:00:00,22119.0,22121.0
2021-10-19 16:00:00,22119.0,22114.0
2021-10-19 16:20:00,22119.0,22121.0
2021-10-19 16:20:00,22119.0,22114.0
2021-10-19 16:55:00,22119.0,22121.0
2021-10-19 17:20:00,22119.0,5800.0
2021-10-19 17:20:00,22119.0,22114.0
2021-10-19 17:25:00,22119.0,5800.0
2021-10-19 17:25:00,22119.0,22121.0
2021-10-19 17:25:00,22119.0,22114.0
2021-10-19 18:05:00,22119.0,5800.0
2021-10-19 18:05:00,22119.0,22121.0
2021-10-19 18:35:00,22119.0,5800.0
2021-10-19 18:35:00,22119.0,22114.0
2021-10-19 18:45:00,22119.0,5800.0
2021-10-19 18:50:00,22119.0,22114.0
2021-10-19 19:00:00,22119.0,5800.0
2021-10-19 19:05:00,22119.0,22121.0
2021-10-19 19:20:00,22119.0,22114.0
2021-10-19 19:35:00,22119.0,22114.0
2021-10-19 19:40:00,22119.0,5800.0
2021-10-19 19:40:00,22119.0,22121.0
2021-10-19 19:40:00,22119.0,22114.0
2021-10-19 19:45:00,22119.0,5800.0
2021-10-19 19:45:00,22119.0,22121.0
2021-10-19 19:45:00,22119.0,22114.0
2021-10-19 16:00:00,22115.0,22121.0
2021-10-19 16:10:00,22115.0,22118.0
2021-10-19 16:15:00,22115.0,22118.0
2021-10-19 16:20:00,22115.0,22121.0
2021-10-19 16:55:00,22115.0,22121.0
2021-10-19 17:20:00,22115.0,5800.0
2021-10-19 17:25:00,22115.0,5800.0
2021-10-19 17:25:00,22115.0,22121.0
2021-10-19 17:35:00,22115.0,5800.0
2021-10-19 17:35:00,22115.0,22118.0
2021-10-19 18:10:00,22115.0,5800.0
2021-10-19 18:40:00,22115.0,5800.0
2021-10-19 18:50:00,22115.0,22118.0
2021-10-19 19:05:00,22115.0,22121.0
2021-10-19 19:40:00,22115.0,5800.0
2021-10-19 19:40:00,22115.0,22121.0
2021-10-19 19:45:00,22115.0,5800.0
2021-10-19 19:45:00,22115.0,22121.0
2021-10-19 16:15:00,22121.0,19367.0
2021-10-19 17:20:00,22121.0,19367.0
2021-10-19 18:20:00,22121.0,19367.0
2021-10-19 16:05:00,22120.0,22114.0
2021-10-19 16:10:00,22120.0,22118.0
2021-10-19 17:15:00,22120.0,5800.0
2021-10-19 17:15:00,22120.0,22114.0
2021-10-19 17:20:00,22120.0,5800.0
2021-10-19 17:20:00,22120.0,22114.0
2021-10-19 17:30:00,22120.0,22118.0
2021-10-19 17:35:00,22120.0,5800.0
2021-10-19 17:35:00,22120.0,22118.0
2021-10-19 18:10:00,22120.0,5800.0
2021-10-19 18:15:00,22120.0,22114.0
2021-10-19 18:15:00,22120.0,22118.0
2021-10-19 18:25:00,22120.0,22118.0
2021-10-19 18:35:00,22120.0,5800.0
2021-10-19 18:35:00,22120.0,22114.0
2021-10-19 18:40:00,22120.0,5800.0
2021-10-19 18:45:00,22120.0,5800.0
2021-10-19 18:50:00,22120.0,22114.0
2021-10-19 18:50:00,22120.0,22118.0
2021-10-19 19:00:00,22120.0,5800.0
2021-10-19 19:35:00,22120.0,22114.0
2021-10-19 19:45:00,22120.0,5800.0
2021-10-19 19:45:00,22120.0,22114.0
2021-10-19 16:40:00,22123.0,19353.0
2021-10-19 17:10:00,22123.0,19353.0
2021-10-19 19:30:00,22123.0,19353.0
2021-10-19 16:20:00,20067.0,31417.0
2021-10-19 17:10:00,20067.0,31417.0
2021-10-19 18:25:00,20067.0,31417.0
2021-10-19 19:25:00,20067.0,31417.0
2021-10-19 19:40:00,20067.0,31417.0
2021-10-19 19:45:00,20067.0,31417.0
2021-10-19 16:10:00,22122.0,19145.0
2021-10-19 16:15:00,22122.0,5801.0
2021-10-19 16:20:00,22122.0,5801.0
2021-10-19 16:30:00,22122.0,19145.0
2021-10-19 16:35:00,22122.0,19145.0
2021-10-19 16:50:00,22122.0,5801.0
2021-10-19 16:50:00,22122.0,19145.0
2021-10-19 16:55:00,22122.0,5801.0
2021-10-19 16:55:00,22122.0,19145.0
2021-10-19 17:10:00,22122.0,19145.0
2021-10-19 17:25:00,22122.0,19145.0
2021-10-19 17:25:00,22122.0,1974.0
2021-10-19 17:30:00,22122.0,5801.0
2021-10-19 17:35:00,22122.0,5801.0
2021-10-19 17:40:00,22122.0,5801.0
2021-10-19 17:40:00,22122.0,19145.0
2021-10-19 17:45:00,22122.0,19145.0
2021-10-19 17:50:00,22122.0,5801.0
2021-10-19 17:55:00,22122.0,1974.0
2021-10-19 18:00:00,22122.0,19145.0
2021-10-19 18:00:00,22122.0,1974.0
2021-10-19 18:45:00,22122.0,5801.0
2021-10-19 19:25:00,22122.0,5801.0
2021-10-19 19:35:00,22122.0,19145.0
2021-10-19 16:25:00,22129.0,10626.0
2021-10-19 18:30:00,22129.0,10626.0
2021-10-19 18:50:00,22129.0,10626.0
2021-10-19 18:20:00,22130.0,20973.0
2021-10-19 18:05:00,3698.0,1228.0
2021-10-19 18:05:00,3698.0,1230.0
2021-10-19 19:00:00,3698.0,1230.0
2021-10-19 19:15:00,3698.0,2431.0
2021-10-19 19:15:00,3702.0,1476.0
2021-10-19 16:05:00,3701.0,6407.0
2021-10-19 17:35:00,3701.0,6407.0
2021-10-19 19:20:00,3701.0,6407.0
2021-10-19 16:05:00,3703.0,6407.0
2021-10-19 16:30:00,3703.0,6407.0
2021-10-19 16:50:00,3703.0,3698.0
2021-10-19 16:50:00,3703.0,6407.0
2021-10-19 18:00:00,3703.0,3700.0
2021-10-19 17:35:00,3699.0,6407.0
2021-10-19 18:20:00,3699.0,6407.0
2021-10-19 18:25:00,3699.0,3702.0
2021-10-19 19:05:00,21088.0,19470.0
2021-10-19 19:10:00,21088.0,21078.0
2021-10-19 19:10:00,21088.0,19470.0
2021-10-19 19:30:00,21088.0,21078.0
2021-10-19 17:00:00,1672.0,3854.0
2021-10-19 16:50:00,21092.0,12213.0
2021-10-19 17:30:00,21092.0,12213.0
2021-10-19 17:45:00,21092.0,12213.0
2021-10-19 18:10:00,21092.0,19246.0
2021-10-19 19:00:00,21092.0,12213.0
2021-10-19 17:35:00,1679.0,1599.0
2021-10-19 19:25:00,1679.0,21109.0
2021-10-19 18:15:00,5778.0,1234.0
2021-10-19 18:20:00,5778.0,1234.0
2021-10-19 18:25:00,5778.0,1234.0
2021-10-19 16:25:00,9293.0,9290.0
2021-10-19 18:40:00,9293.0,9297.0
2021-10-19 19:00:00,9293.0,9289.0
2021-10-19 19:45:00,9293.0,9290.0
2021-10-19 19:30:00,23296.0,24999.0
2021-10-19 16:10:00,1702.0,22094.0
2021-10-19 16:20:00,1702.0,22094.0
2021-10-19 16:35:00,1702.0,22112.0
2021-10-19 16:35:00,1702.0,22094.0
2021-10-19 16:40:00,1702.0,22112.0
2021-10-19 16:50:00,1702.0,22094.0
2021-10-19 16:55:00,1702.0,22112.0
2021-10-19 16:55:00,1702.0,22094.0
2021-10-19 16:55:00,1702.0,19407.0
2021-10-19 17:00:00,1702.0,22112.0
2021-10-19 17:05:00,1702.0,22112.0
2021-10-19 17:15:00,1702.0,22094.0
2021-10-19 17:20:00,1702.0,19407.0
2021-10-19 17:25:00,1702.0,22112.0
2021-10-19 17:30:00,1702.0,19407.0
2021-10-19 17:40:00,1702.0,22112.0
2021-10-19 17:40:00,1702.0,19407.0
2021-10-19 17:45:00,1702.0,22112.0
2021-10-19 18:00:00,1702.0,22112.0
2021-10-19 18:00:00,1702.0,19407.0
2021-10-19 18:05:00,1702.0,22112.0
2021-10-19 18:10:00,1702.0,22112.0
2021-10-19 18:10:00,1702.0,22094.0
2021-10-19 18:20:00,1702.0,22112.0
2021-10-19 19:05:00,1702.0,22112.0
2021-10-19 19:10:00,1702.0,22112.0
2021-10-19 19:45:00,1702.0,22112.0
2021-10-19 19:50:00,1702.0,22112.0
2021-10-19 19:50:00,1702.0,22094.0
2021-10-19 19:50:00,1702.0,19407.0
2021-10-19 16:50:00,1703.0,19555.0
2021-10-19 17:25:00,1703.0,19555.0
2021-10-19 17:45:00,1703.0,19555.0
2021-10-19 17:45:00,1703.0,22085.0
2021-10-19 17:50:00,1703.0,22085.0
2021-10-19 17:55:00,1703.0,22085.0
2021-10-19 18:00:00,1703.0,19555.0
2021-10-19 18:05:00,1703.0,19555.0
2021-10-19 18:10:00,1703.0,19555.0
2021-10-19 19:00:00,1703.0,19555.0
2021-10-19 19:05:00,1703.0,22085.0
2021-10-19 19:25:00,1703.0,22085.0
2021-10-19 19:40:00,1703.0,19555.0
2021-10-19 19:40:00,1703.0,22085.0
2021-10-19 19:45:00,1703.0,22085.0
2021-10-19 16:05:00,5800.0,19145.0
2021-10-19 16:10:00,5800.0,19145.0
2021-10-19 16:10:00,5800.0,22123.0
2021-10-19 16:15:00,5800.0,22123.0
2021-10-19 16:30:00,5800.0,19145.0
2021-10-19 16:30:00,5800.0,22123.0
2021-10-19 16:35:00,5800.0,19145.0
2021-10-19 16:35:00,5800.0,22123.0
2021-10-19 16:50:00,5800.0,19145.0
2021-10-19 16:55:00,5800.0,19145.0
2021-10-19 16:55:00,5800.0,22123.0
2021-10-19 17:05:00,5800.0,22123.0
2021-10-19 17:10:00,5800.0,19145.0
2021-10-19 17:40:00,5800.0,19145.0
2021-10-19 17:45:00,5800.0,19145.0
2021-10-19 17:45:00,5800.0,22123.0
2021-10-19 19:15:00,5800.0,22123.0
2021-10-19 19:20:00,5800.0,22123.0
2021-10-19 19:30:00,5800.0,19145.0
2021-10-19 19:35:00,5800.0,19145.0
2021-10-19 19:35:00,5800.0,22123.0
2021-10-19 16:10:00,5801.0,22118.0
2021-10-19 18:00:00,5801.0,22114.0
2021-10-19 18:00:00,5801.0,22118.0
2021-10-19 18:05:00,5801.0,22121.0
2021-10-19 18:05:00,5801.0,22118.0
2021-10-19 18:15:00,5801.0,22114.0
2021-10-19 18:15:00,5801.0,22118.0
2021-10-19 18:25:00,5801.0,22118.0
2021-10-19 18:35:00,5801.0,22114.0
2021-10-19 18:50:00,5801.0,22114.0
2021-10-19 18:50:00,5801.0,22118.0
2021-10-19 18:55:00,5801.0,22114.0
2021-10-19 18:55:00,5801.0,22118.0
2021-10-19 19:05:00,5801.0,22121.0
2021-10-19 19:20:00,5801.0,22114.0
2021-10-19 19:35:00,5801.0,22114.0
2021-10-19 19:40:00,5801.0,22121.0
2021-10-19 19:40:00,5801.0,22114.0
2021-10-19 19:45:00,5801.0,22121.0
2021-10-19 19:45:00,5801.0,22114.0
2021-10-19 17:20:00,5819.0,5573.0
2021-10-19 18:00:00,5819.0,5573.0
2021-10-19 18:10:00,5819.0,5823.0
2021-10-19 18:15:00,5819.0,5823.0
2021-10-19 18:20:00,5819.0,5823.0
2021-10-19 18:05:00,5820.0,5602.0
2021-10-19 18:05:00,5820.0,151.0
2021-10-19 18:45:00,5820.0,5602.0
2021-10-19 19:20:00,5820.0,5602.0
2021-10-19 16:10:00,5822.0,5820.0
2021-10-19 16:10:00,5822.0,5573.0
2021-10-19 17:15:00,5822.0,5820.0
2021-10-19 18:20:00,5822.0,5820.0
2021-10-19 18:30:00,5822.0,5820.0
2021-10-19 17:20:00,5823.0,32041.0
2021-10-19 18:30:00,5823.0,32041.0
2021-10-19 19:30:00,5823.0,32041.0
2021-10-19 16:05:00,5821.0,5818.0
2021-10-19 16:05:00,5821.0,5573.0
2021-10-19 17:05:00,5821.0,5823.0
2021-10-19 17:10:00,5821.0,5823.0
2021-10-19 17:20:00,5821.0,5573.0
2021-10-19 18:00:00,5821.0,5573.0
2021-10-19 18:10:00,5821.0,5823.0
2021-10-19 18:15:00,5821.0,5823.0
2021-10-19 18:20:00,5821.0,5823.0
2021-10-19 18:55:00,5821.0,5573.0
2021-10-19 17:25:00,3770.0,208.0
2021-10-19 17:55:00,3770.0,208.0
2021-10-19 18:35:00,3770.0,208.0
2021-10-19 19:05:00,3770.0,208.0
2021-10-19 17:10:00,1724.0,12781.0
2021-10-19 17:15:00,1724.0,12781.0
2021-10-19 17:25:00,1724.0,12772.0
2021-10-19 17:35:00,1724.0,12212.0
2021-10-19 17:35:00,1724.0,12781.0
2021-10-19 18:05:00,1724.0,12212.0
2021-10-19 18:05:00,1724.0,12772.0
2021-10-19 18:10:00,1724.0,12772.0
2021-10-19 18:10:00,1724.0,12781.0
2021-10-19 18:15:00,1724.0,12772.0
2021-10-19 18:15:00,1724.0,12781.0
2021-10-19 18:25:00,1724.0,12772.0
2021-10-19 18:30:00,1724.0,12781.0
2021-10-19 18:35:00,1724.0,12781.0
2021-10-19 18:05:00,3771.0,2813.0
2021-10-19 18:05:00,3771.0,4823.0
2021-10-19 18:10:00,3771.0,2813.0
2021-10-19 18:10:00,3771.0,4823.0
2021-10-19 16:25:00,26310.0,12771.0
2021-10-19 16:25:00,26310.0,12775.0
2021-10-19 16:35:00,26310.0,12775.0
2021-10-19 17:20:00,26310.0,12771.0
2021-10-19 17:20:00,26310.0,12775.0
2021-10-19 18:15:00,26310.0,12771.0
2021-10-19 18:15:00,26310.0,12773.0
2021-10-19 18:20:00,26310.0,12773.0
2021-10-19 18:25:00,26310.0,12775.0
2021-10-19 18:35:00,26310.0,12773.0
2021-10-19 18:35:00,26310.0,12775.0
2021-10-19 19:25:00,26310.0,12775.0
2021-10-19 17:15:00,26311.0,26309.0
2021-10-19 17:55:00,26311.0,26309.0
2021-10-19 18:00:00,26311.0,26309.0
2021-10-19 17:50:00,7882.0,22328.0
2021-10-19 18:25:00,20178.0,20973.0
2021-10-19 18:45:00,20178.0,20973.0
2021-10-19 18:50:00,20178.0,20973.0
2021-10-19 16:35:00,22328.0,22291.0
2021-10-19 16:50:00,22328.0,22291.0
2021-10-19 16:55:00,22328.0,22291.0
2021-10-19 18:20:00,22328.0,22291.0
2021-10-19 19:10:00,22328.0,22291.0
2021-10-19 19:20:00,22328.0,22291.0
2021-10-19 19:30:00,22328.0,22291.0
2021-10-19 19:45:00,22328.0,22291.0
2021-10-19 17:15:00,20180.0,21055.0
2021-10-19 16:40:00,20181.0,1926.0
2021-10-19 17:00:00,20181.0,1926.0
2021-10-19 17:10:00,20181.0,1926.0
2021-10-19 18:10:00,20181.0,1928.0
2021-10-19 18:20:00,20181.0,1928.0
2021-10-19 18:30:00,20181.0,1928.0
2021-10-19 19:00:00,20181.0,1928.0
2021-10-19 19:40:00,20181.0,1928.0
2021-10-19 17:00:00,9959.0,19791.0
2021-10-19 17:05:00,9959.0,19791.0
2021-10-19 17:10:00,9959.0,19791.0
2021-10-19 17:10:00,9959.0,22887.0
2021-10-19 17:25:00,9959.0,22896.0
2021-10-19 17:30:00,9959.0,19791.0
2021-10-19 17:30:00,9959.0,22887.0
2021-10-19 17:40:00,9959.0,22887.0
2021-10-19 17:50:00,9959.0,19791.0
2021-10-19 17:55:00,9959.0,22887.0
2021-10-19 18:10:00,9959.0,19791.0
2021-10-19 18:10:00,9959.0,22887.0
2021-10-19 18:15:00,9959.0,22887.0
2021-10-19 18:25:00,9959.0,19791.0
2021-10-19 18:40:00,9959.0,19791.0
2021-10-19 19:05:00,9959.0,19791.0
2021-10-19 19:05:00,9959.0,22887.0
2021-10-19 19:10:00,9959.0,19791.0
2021-10-19 19:10:00,9959.0,22887.0
2021-10-19 19:40:00,9959.0,19791.0
2021-10-19 18:10:00,21074.0,19367.0
2021-10-19 16:25:00,24313.0,19163.0
2021-10-19 16:30:00,24313.0,19163.0
2021-10-19 17:10:00,24313.0,19163.0
2021-10-19 18:25:00,24313.0,19163.0
2021-10-19 19:40:00,24313.0,19163.0
2021-10-19 18:55:00,24317.0,20321.0
2021-10-19 16:35:00,24321.0,19181.0
2021-10-19 17:30:00,9980.0,9301.0
2021-10-19 16:10:00,22276.0,22296.0
2021-10-19 17:40:00,22276.0,22296.0
2021-10-19 18:25:00,22276.0,22296.0
2021-10-19 19:45:00,22276.0,22296.0
2021-10-19 18:05:00,22277.0,22322.0
2021-10-19 18:10:00,22277.0,22322.0
2021-10-19 18:45:00,22277.0,22325.0
2021-10-19 16:30:00,22280.0,22297.0
2021-10-19 17:45:00,22280.0,22297.0
2021-10-19 18:05:00,22280.0,22297.0
2021-10-19 18:25:00,22280.0,22297.0
2021-10-19 19:40:00,22280.0,22274.0
2021-10-19 18:00:00,22281.0,22324.0
2021-10-19 18:15:00,22281.0,22327.0
2021-10-19 17:00:00,3852.0,3854.0
2021-10-19 17:05:00,3851.0,9267.0
2021-10-19 17:20:00,3851.0,9267.0
2021-10-19 17:25:00,3851.0,9267.0
2021-10-19 17:55:00,3851.0,9267.0
2021-10-19 18:00:00,3851.0,9267.0
2021-10-19 18:05:00,3851.0,9267.0
2021-10-19 18:15:00,3851.0,6964.0
2021-10-19 18:20:00,3851.0,9267.0
2021-10-19 18:20:00,3851.0,6964.0
2021-10-19 18:25:00,3851.0,9267.0
2021-10-19 18:35:00,3851.0,9267.0
2021-10-19 17:55:00,3854.0,6962.0
2021-10-19 17:55:00,3854.0,6966.0
2021-10-19 16:00:00,22290.0,19532.0
2021-10-19 18:30:00,22290.0,22329.0
2021-10-19 19:15:00,22290.0,22329.0
2021-10-19 16:10:00,22291.0,22338.0
2021-10-19 16:30:00,22291.0,22289.0
2021-10-19 16:45:00,22291.0,22338.0
2021-10-19 17:15:00,22291.0,22338.0
2021-10-19 17:25:00,22291.0,22338.0
2021-10-19 17:45:00,22291.0,22338.0
2021-10-19 18:10:00,22291.0,22289.0
2021-10-19 18:35:00,22291.0,22338.0
2021-10-19 18:55:00,22291.0,22289.0
2021-10-19 18:55:00,22291.0,22338.0
2021-10-19 19:00:00,22291.0,22289.0
2021-10-19 19:40:00,22291.0,22338.0
2021-10-19 18:20:00,1812.0,6954.0
2021-10-19 18:25:00,1812.0,6954.0
2021-10-19 16:10:00,22288.0,22338.0
2021-10-19 16:15:00,22288.0,22290.0
2021-10-19 16:20:00,22288.0,22290.0
2021-10-19 16:25:00,22288.0,22338.0
2021-10-19 17:00:00,22288.0,22290.0
2021-10-19 18:10:00,22288.0,22290.0
2021-10-19 18:35:00,22288.0,22338.0
2021-10-19 18:35:00,22288.0,22290.0
2021-10-19 18:40:00,22288.0,22290.0
2021-10-19 19:20:00,22288.0,22338.0
2021-10-19 19:45:00,22288.0,22338.0
2021-10-19 18:00:00,22295.0,22277.0
2021-10-19 16:20:00,22296.0,22274.0
2021-10-19 17:10:00,22296.0,22281.0
2021-10-19 18:15:00,22296.0,22274.0
2021-10-19 18:35:00,22296.0,22281.0
2021-10-19 18:50:00,22296.0,22281.0
2021-10-19 16:05:00,22297.0,22277.0
2021-10-19 18:35:00,22297.0,22277.0
2021-10-19 18:45:00,22304.0,19151.0
2021-10-19 19:20:00,22304.0,19151.0
2021-10-19 16:40:00,22305.0,22307.0
2021-10-19 19:15:00,1831.0,15561.0
2021-10-19 19:20:00,1831.0,15561.0
2021-10-19 17:20:00,1838.0,4546.0
2021-10-19 19:25:00,1838.0,4544.0
2021-10-19 16:20:00,22327.0,19533.0
2021-10-19 16:20:00,22327.0,22341.0
2021-10-19 16:25:00,22327.0,19533.0
2021-10-19 16:25:00,22327.0,22341.0
2021-10-19 16:30:00,22327.0,22341.0
2021-10-19 16:50:00,22327.0,22341.0
2021-10-19 16:55:00,22327.0,22341.0
2021-10-19 17:00:00,22327.0,22341.0
2021-10-19 17:20:00,22327.0,22341.0
2021-10-19 17:25:00,22327.0,22341.0
2021-10-19 17:30:00,22327.0,22341.0
2021-10-19 17:55:00,22327.0,22341.0
2021-10-19 18:25:00,22327.0,22341.0
2021-10-19 18:40:00,22327.0,22341.0
2021-10-19 18:45:00,22327.0,22341.0
2021-10-19 19:00:00,22327.0,22341.0
2021-10-19 19:05:00,22327.0,22341.0
2021-10-19 19:30:00,22327.0,22341.0
2021-10-19 19:35:00,22327.0,22341.0
2021-10-19 19:40:00,22327.0,22341.0
2021-10-19 19:50:00,22327.0,22341.0
2021-10-19 16:20:00,22338.0,22340.0
2021-10-19 16:30:00,22338.0,22340.0
2021-10-19 16:50:00,22338.0,22340.0
2021-10-19 17:05:00,22338.0,22340.0
2021-10-19 17:30:00,22338.0,22340.0
2021-10-19 18:10:00,22338.0,22340.0
2021-10-19 18:40:00,22338.0,22340.0
2021-10-19 18:50:00,22338.0,22340.0
2021-10-19 19:05:00,22338.0,22340.0
2021-10-19 19:25:00,22338.0,22340.0
2021-10-19 19:35:00,22338.0,22340.0
2021-10-19 19:50:00,22338.0,22340.0
2021-10-19 16:15:00,22339.0,22290.0
2021-10-19 16:20:00,22339.0,22290.0
2021-10-19 16:35:00,22339.0,22289.0
2021-10-19 17:05:00,22339.0,22290.0
2021-10-19 17:10:00,22339.0,22290.0
2021-10-19 17:35:00,22339.0,22290.0
2021-10-19 17:40:00,22339.0,22290.0
2021-10-19 17:45:00,22339.0,22290.0
2021-10-19 18:05:00,22339.0,22290.0
2021-10-19 18:10:00,22339.0,22289.0
2021-10-19 18:10:00,22339.0,22290.0
2021-10-19 18:15:00,22339.0,22289.0
2021-10-19 18:35:00,22339.0,22290.0
2021-10-19 18:40:00,22339.0,22290.0
2021-10-19 18:50:00,22339.0,22289.0
2021-10-19 18:55:00,22339.0,22289.0
2021-10-19 18:55:00,22339.0,22290.0
2021-10-19 19:00:00,22339.0,22289.0
2021-10-19 19:00:00,22339.0,22290.0
2021-10-19 19:05:00,22339.0,22290.0
2021-10-19 19:35:00,22339.0,22290.0
2021-10-19 19:40:00,22339.0,22290.0
2021-10-19 16:25:00,22340.0,19533.0
2021-10-19 16:40:00,22341.0,22339.0
2021-10-19 18:00:00,22341.0,22339.0
2021-10-19 19:20:00,22341.0,22339.0
2021-10-19 19:05:00,30084.0,30086.0
2021-10-19 16:50:00,20321.0,1531.0
2021-10-19 16:55:00,20321.0,1531.0
2021-10-19 18:05:00,20321.0,24313.0
2021-10-19 19:50:00,20321.0,28770.0
2021-10-19 17:30:00,1890.0,1042.0
2021-10-19 17:30:00,1890.0,10431.0
2021-10-19 18:25:00,1890.0,10431.0
2021-10-19 16:40:00,1892.0,1447.0
2021-10-19 16:55:00,1892.0,1447.0
2021-10-19 18:20:00,1892.0,14310.0
2021-10-19 18:25:00,1892.0,1447.0
2021-10-19 18:35:00,1892.0,19380.0
2021-10-19 18:40:00,1892.0,19380.0
2021-10-19 18:40:00,1892.0,14310.0
2021-10-19 18:50:00,1892.0,14310.0
2021-10-19 19:45:00,1892.0,14310.0
2021-10-19 16:35:00,1893.0,21097.0
2021-10-19 16:30:00,1599.0,26315.0
2021-10-19 16:45:00,1599.0,6864.0
2021-10-19 17:20:00,1599.0,1003.0
2021-10-19 18:05:00,1599.0,6864.0
2021-10-19 18:05:00,1599.0,1003.0
2021-10-19 18:10:00,1599.0,6864.0
2021-10-19 18:10:00,1599.0,1003.0
2021-10-19 18:30:00,1599.0,6864.0
2021-10-19 16:25:00,1926.0,19366.0
2021-10-19 17:15:00,1926.0,3680.0
2021-10-19 17:20:00,1926.0,3680.0
2021-10-19 19:30:00,1926.0,3680.0
2021-10-19 17:50:00,1928.0,3615.0
2021-10-19 18:40:00,1928.0,3615.0
2021-10-19 19:15:00,1928.0,3615.0
2021-10-19 17:20:00,4862.0,30140.0
2021-10-19 17:30:00,4862.0,30086.0
2021-10-19 16:05:00,3641.0,6433.0
2021-10-19 16:45:00,3641.0,6433.0
2021-10-19 16:50:00,3641.0,6433.0
2021-10-19 18:05:00,3641.0,6433.0
2021-10-19 18:10:00,3641.0,6433.0
2021-10-19 18:50:00,3641.0,6433.0
2021-10-19 18:55:00,3641.0,6433.0
2021-10-19 19:00:00,3641.0,6433.0
2021-10-19 19:10:00,3641.0,6433.0
2021-10-19 16:55:00,6056.0,3839.0
2021-10-19 18:00:00,6057.0,6383.0
2021-10-19 18:30:00,6057.0,6383.0
2021-10-19 18:10:00,6058.0,6710.0
2021-10-19 19:30:00,6058.0,6710.0
2021-10-19 17:00:00,12212.0,19246.0
2021-10-19 17:05:00,12212.0,19246.0
2021-10-19 18:10:00,12212.0,19246.0
2021-10-19 18:15:00,12212.0,19246.0
2021-10-19 17:15:00,12213.0,12781.0
2021-10-19 17:25:00,12213.0,12772.0
2021-10-19 17:35:00,12213.0,12781.0
2021-10-19 18:05:00,12213.0,12772.0
2021-10-19 18:10:00,12213.0,12772.0
2021-10-19 18:10:00,12213.0,12781.0
2021-10-19 18:25:00,12213.0,12772.0
2021-10-19 18:30:00,12213.0,12781.0
2021-10-19 18:35:00,12213.0,12781.0
2021-10-19 17:35:00,1974.0,3429.0
2021-10-19 16:05:00,1975.0,19145.0
2021-10-19 16:10:00,1975.0,22123.0
2021-10-19 16:10:00,1975.0,19145.0
2021-10-19 16:35:00,1975.0,22123.0
2021-10-19 16:35:00,1975.0,19145.0
2021-10-19 16:55:00,1975.0,5801.0
2021-10-19 16:55:00,1975.0,22123.0
2021-10-19 16:55:00,1975.0,19145.0
2021-10-19 17:05:00,1975.0,22123.0
2021-10-19 17:10:00,1975.0,19145.0
2021-10-19 17:25:00,1975.0,19145.0
2021-10-19 17:30:00,1975.0,5801.0
2021-10-19 17:35:00,1975.0,5801.0
2021-10-19 17:40:00,1975.0,5801.0
2021-10-19 17:40:00,1975.0,19145.0
2021-10-19 17:45:00,1975.0,22123.0
2021-10-19 17:45:00,1975.0,19145.0
2021-10-19 17:50:00,1975.0,5801.0
2021-10-19 17:50:00,1975.0,22123.0
2021-10-19 17:55:00,1975.0,22123.0
2021-10-19 18:00:00,1975.0,19145.0
2021-10-19 18:45:00,1975.0,5801.0
2021-10-19 19:15:00,1975.0,22123.0
2021-10-19 19:20:00,1975.0,22123.0
2021-10-19 19:25:00,1975.0,5801.0
2021-10-19 19:30:00,1975.0,5801.0
2021-10-19 19:30:00,1975.0,19145.0
2021-10-19 19:35:00,1975.0,22123.0
2021-10-19 19:35:00,1975.0,19145.0
2021-10-19 19:40:00,1975.0,22123.0
2021-10-19 19:45:00,1975.0,22123.0
2021-10-19 17:05:00,3614.0,1929.0
2021-10-19 17:40:00,3614.0,19553.0
2021-10-19 17:45:00,3614.0,19553.0
2021-10-19 16:20:00,10182.0,9961.0
2021-10-19 16:25:00,10182.0,9961.0
2021-10-19 16:10:00,14285.0,26316.0
2021-10-19 17:20:00,14285.0,12774.0
2021-10-19 17:50:00,14285.0,14429.0
2021-10-19 17:55:00,14285.0,14429.0
2021-10-19 18:00:00,14285.0,14429.0
2021-10-19 18:05:00,14285.0,12774.0
2021-10-19 18:15:00,14285.0,14429.0
2021-10-19 18:30:00,14285.0,14429.0
2021-10-19 18:50:00,14285.0,12774.0
2021-10-19 19:00:00,14285.0,14429.0
2021-10-19 19:05:00,14285.0,14429.0
2021-10-19 19:05:00,14285.0,12774.0
2021-10-19 19:25:00,14285.0,12774.0
2021-10-19 18:40:00,6102.0,22323.0
2021-10-19 16:05:00,324.0,1251.0
2021-10-19 17:00:00,324.0,1251.0
2021-10-19 17:00:00,324.0,24317.0
2021-10-19 17:40:00,324.0,1251.0
2021-10-19 18:10:00,324.0,24317.0
2021-10-19 16:50:00,12258.0,12213.0
2021-10-19 17:00:00,12258.0,19246.0
2021-10-19 17:20:00,12258.0,12213.0
2021-10-19 17:30:00,12258.0,12213.0
2021-10-19 17:45:00,12258.0,12213.0
2021-10-19 17:50:00,12258.0,12213.0
2021-10-19 18:15:00,12258.0,12213.0
2021-10-19 18:15:00,12258.0,19246.0
2021-10-19 16:25:00,14310.0,12780.0
2021-10-19 17:00:00,14310.0,12780.0
2021-10-19 17:15:00,14310.0,12780.0
2021-10-19 17:50:00,14310.0,21105.0
2021-10-19 18:05:00,14310.0,21105.0
2021-10-19 18:15:00,14310.0,12780.0
2021-10-19 18:35:00,14310.0,12780.0
2021-10-19 19:00:00,14310.0,12780.0
2021-10-19 16:20:00,14311.0,1893.0
2021-10-19 16:40:00,14311.0,1893.0
2021-10-19 16:40:00,14311.0,1447.0
2021-10-19 16:55:00,14311.0,1447.0
2021-10-19 18:25:00,14311.0,1447.0
2021-10-19 18:30:00,14311.0,1893.0
2021-10-19 18:40:00,14311.0,19380.0
2021-10-19 19:30:00,14311.0,1893.0
2021-10-19 19:30:00,14311.0,1447.0
2021-10-19 17:35:00,11802.0,2463.0
2021-10-19 17:30:00,11804.0,764.0
2021-10-19 17:40:00,11804.0,764.0
2021-10-19 18:20:00,11804.0,764.0
